﻿Time_Series,MAX_R2,MAX_NAME
A.IGNORE,NULL,No Mapping
ABVNWMNRESLOAD.FLOWTIMESEC,0.84,ChowchillaRiver
ACVPDEM_DR_SYS.DEMAND.ANNUAL,0.26,SJWYT
ACVPDEM_PAG_S.DEM.CVPS.AG.TOTAL,NULL,No Mapping
ACVPDEM_PAG_SYS.DEM.CVPSYS.AG.TOTAL,0.11,SJWYT
ACVPDEM_PEX_S.DEM.CVPS.EX.TOTAL,NULL,No Mapping
ACVPDEM_PEX_SYS.DEM.CVPSYS.EX.TOTAL,NULL,No Mapping
ACVPDEM_PLS_S.DEM.CVPS.LS.TOTAL,NULL,No Mapping
ACVPDEM_PLS_SYS.DEM.CVPSYS.LS.TOTAL,NULL,No Mapping
ACVPDEM_PMI_S.DEM.CVPS.MI.TOTAL,NULL,No Mapping
ACVPDEM_PMI_SYS.DEM.CVPSYS.MI.TOTAL,0.31,SacWYT
ACVPDEM_PRF_S.DEM.CVPS.RF.TOTAL,NULL,No Mapping
ACVPDEM_PRF_SYS.DEM.CVPSYS.RF.TOTAL,NULL,No Mapping
ACVPDEM_PSC_SYS.DEM.CVPSYS.SC.TOTAL,0.2,SJWYT
ACVPDEM_TOT_SYS.DEM.CVPSYS.TOTAL,0.29,SacWYT
ACVPDEM_TOTAL_S.DEM.CVPS.TOTAL,NULL,No Mapping
AD_CALAVERAS.FLOW.ACCRDEPL,0.75,I_NHGAN
AD_CASTAIC.FLOW.ACCRDEPL,0.81,SJWYT
AD_HST.FLOW.ACCRDEPL,0.35,No Mapping
AD_JAMESBP.FLOW.ACCRDEPL,0.45,I_MELON
AD_KSWCK.FLOW.ACCRDEPL,0.05,SacWYT
AD_MOKELUMNE.FLOW.ACCRDEPL,0.9,CosumnesRiver
AD_NIMBUS.FLOW.ACCRDEPL,0.78,CalaverasRiver
AD_REDBLF.FLOW.ACCRDEPL,0.92,No Mapping
AD_SACAME.FLOW.ACCRDEPL,0.1,No Mapping
AD_SACFEA.FLOW.ACCRDEPL,0.77,No Mapping
AD_SJR_PULSE_V.FLOW.CHANNEL,0.65,I_MOKELUMNE
AD_SJR_V.FLOW.ACCRDEPL,0.65,I_MOKELUMNE
AD_STANGDWN.FLOW.ACCRDEPL,0.99,I_NHGAN
AD_THERM.FLOW.ACCRDEPL,0.14,No Mapping
AD_WILKNS.FLOW.ACCRDEPL,0.24,No Mapping
AD_YOLOBP.FLOW.ACCRDEPL,0.7,PutahCreek
AD_YUBFEA.FLOW.ACCRDEPL,0.46,No Mapping
BTWMAZENWMNRESLOAD.FLOWTIMESEC,0.6,SJWYT
C_CALAVERAS.FLOW.CHANNEL,N/A,No Mapping
C_COSUMNES.FLOW.CHANNEL,N/A,No Mapping
C_DMC.FLOW.CHANNEL,0.84,SJWYT
C_MDOTABC.FLOW.CHANNEL,0.99,SacWYT
C_SJRSACKBC.FLOW.CHANNEL,0.99,SacWYT
C_STCR_TC.FLOW.CHANNEL,0.68,SacWYT
C_TC_GC.FLOW.CHANNEL,0.62,SacWYT
C217B.FLOW.CHANNEL,0.71,SacWYT
C5_MIF_CS2.FLOW.MIN.REQUIRED,N/A,No Mapping
C619FIX.FLOW.CHANNEL,0.98,SJWYT
C854.FLOW.CHANNEL,0.57,SJWYT
CAP_C855_CVC_F.CAPACITY,0.57,SJWYT
CAP_C855_CVC_R.CAPACITY,0.35,SJWYT
CI601DV.CREEK.INFLOW,0.79,SJWYT
CI604DV.CREEK.INFLOW,0.33,SJWYT
CI642DV.CREEK.INFLOW,0.4,PutahCreek
CON_114GCID.DEMAND,0.99,SJWYT
CON_131SC.DEMAND,0.99,SJWYT
CON_14301SC.DEMAND,0.99,SJWYT
CON_14501SC.DEMAND,0.99,SJWYT
CON_18301SC.DEMAND,0.98,SJWYT
CON_D14302_PRF.DEMAND.CVP.RF,1,SacWYT
CON_D171_PAG.DEMAND,0.95,SJWYT
CON_D172_PAG.DEMAND,0.9,SacWYT
CON_D174_PAG.DEMAND,0.97,SJWYT
CON_D178_PAG.DEMAND,0.97,SJWYT
CON_D18201A_PRF.DEMAND.CVP.RF,1,SacWYT
CON_D18201B_PRF.DEMAND.CVP.RF,1,SacWYT
COSMA_AG_GW.COSMA.DEMAND,1,SacWYT
COSMA_AGDMD.COSMA.DEMAND,1,SacWYT
COSMA_MIDMD.COSMA.DEMAND,0.96,SJWYT
CUAW_511_ND.SJR.DEMAND,NULL,No Mapping
CUAW_511_PAG.SJR.DEMAND,0.96,SJWYT
CUAW_512_PAG.SJR.DEMAND,0.97,SJWYT
CUAW_523OID_PAG.SJR.DEMAND,0.97,SJWYT
CUAW_523SSJ_PAG.SJR.DEMAND,0.96,SJWYT
CUAW_528A_PAG.SJR.DEMAND,0.96,SJWYT
CUAW_531_ND.SJR.DEMAND,0.96,SJWYT
CUAW_531_PAG.SJR.DEMAND,0.97,SJWYT
CUAW_533_PAG.SJR.DEMAND,0.97,SJWYT
CUAW_535_PAG.SJR.DEMAND,0.97,SJWYT
CUAW_545A_PAG.SJR.DEMAND,0.95,SJWYT
CUAW_549_ND.SJR.DEMAND,0.97,SJWYT
CUAW_549_PAG.SJR.DEMAND,0.97,SJWYT
CUAW_551_PAG.SJR.DEMAND,0.97,SJWYT
CUAW_562A_PAG.SJR.DEMAND,0.98,SJWYT
CUAW_571_ND.SJR.DEMAND,0.97,SJWYT
CUAW_571_PAG.SJR.DEMAND,0.98,SJWYT
CUAW_574_PAG.SJR.DEMAND,0.97,SJWYT
CUAW_584_PAG.SJR.DEMAND,0.97,SJWYT
CUAW_586_ND.SJR.DEMAND,0.97,SJWYT
CUAW_592_ND.SJR.DEMAND,0.97,SJWYT
CUAW_592_PAG.SJR.DEMAND,0.98,SJWYT
CUAW_STANRIPNA_PAG.SJR.DEMAND,0.96,SJWYT
D_MDOTAA.FLOW.DELIVERY,0.86,SJWYT
D_MDOTAD.FLOW.DELIVERY,1,SacWYT
D_SJRCALA.FLOW.DELIVERY,0.75,SJWYT
D_SJRCALB.FLOW.DELIVERY,NULL,No Mapping
D100.FLOW.DELIVERY,N/A,No Mapping
D162_NP.FLOW.DELIVERY,N/A,No Mapping
D168B_EBMUD.FLOW.DELIVERY,0.42,SacWYT
D168C_FRWP_PMI.FLOW.DELIVERY,0.8,SacWYT
D182A.FLOW.DELIVERY,0.93,SacWYT
D182B.FLOW.DELIVERY,0.41,SJWYT
D18302.FLOW.DELIVERY,0.83,SacWYT
D217.FLOW.DELIVERY,0.83,SacWYT
D285.FLOW.DELIVERY,1,SJWYT
D514A.FLOW.DELIVERY,0.75,SJWYT
D514A_1_VAMP.FLOW.DELIVERY,0.75,SJWYT
D514B.FLOW.DELIVERY,NULL,No Mapping
D514B_VAMP.FLOW.DELIVERY,NULL,No Mapping
D523_PAG_FACTOR.FACTOR,1,SacWYT
D531_PAG_FACTOR.FACTOR,1,SacWYT
D607B.FLOW.DELIVERY,NULL,No Mapping
D608B.FLOW.DELIVERY,NULL,No Mapping
D620B.FLOW.DELIVERY,NULL,No Mapping
D630B.FLOW.DELIVERY,NULL,No Mapping
D637.FLOW.DELIVERY,NULL,No Mapping
D639.FLOW.DELIVERY,NULL,No Mapping
D700.FLOW.DELIVERY,NULL,No Mapping
D701.FLOW.DELIVERY,NULL,No Mapping
D706.FLOW.DELIVERY,NULL,No Mapping
D707.FLOW.DELIVERY,NULL,No Mapping
DAY1.VOL.FRACTION,0.27,SacWYT
DAY10.VOL.FRACTION,0.15,SacWYT
DAY11.VOL.FRACTION,0.13,SJWYT
DAY12.VOL.FRACTION,0.11,SacWYT
DAY13.VOL.FRACTION,0.09,SacWYT
DAY14.VOL.FRACTION,0.08,SJWYT
DAY15.VOL.FRACTION,0.1,SJWYT
DAY16.VOL.FRACTION,0.11,SacWYT
DAY17.VOL.FRACTION,0.11,SacWYT
DAY18.VOL.FRACTION,0.12,SacWYT
DAY19.VOL.FRACTION,0.13,SacWYT
DAY2.VOL.FRACTION,0.26,SacWYT
DAY20.VOL.FRACTION,0.15,SacWYT
DAY21.VOL.FRACTION,0.18,SacWYT
DAY22.VOL.FRACTION,0.2,SacWYT
DAY23.VOL.FRACTION,0.19,SacWYT
DAY24.VOL.FRACTION,0.2,SacWYT
DAY25.VOL.FRACTION,0.22,SacWYT
DAY26.VOL.FRACTION,0.21,SacWYT
DAY27.VOL.FRACTION,0.19,SacWYT
DAY28.VOL.FRACTION,0.18,SacWYT
DAY29.VOL.FRACTION,0.41,SacWYT
DAY3.VOL.FRACTION,0.27,SacWYT
DAY30.VOL.FRACTION,0.6,SacWYT
DAY31.VOL.FRACTION,0.84,SacWYT
DAY4.VOL.FRACTION,0.25,SacWYT
DAY5.VOL.FRACTION,0.23,SacWYT
DAY6.VOL.FRACTION,0.2,SacWYT
DAY7.VOL.FRACTION,0.2,SacWYT
DAY8.VOL.FRACTION,0.2,SacWYT
DAY9.VOL.FRACTION,0.17,SacWYT
DEM_C216B_PRF.DEMAND.RF,1,SacWYT
DEM_C221_PRF.DEMAND.RF,0.91,SacWYT
DEM_D_MDOTAA_PAG.DEMAND.CVP.AG,1,SacWYT
DEM_D_MDOTAB_PEX.DEMAND.CVP.EX,1,SacWYT
DEM_D_MDOTAC_PRF.DEMAND.CVP.RF,1,SacWYT
DEM_D_MDOTAD_PLS.DEMAND.CVP.LS,1,SacWYT
DEM_D104_PAG.DEMAND.CVP.AG,0.91,SJWYT
DEM_D104_PMI.DEMAND.CVP.MI,0.91,SJWYT
DEM_D104_PRJ.DEMAND.CVP.TOTAL,0.91,SJWYT
DEM_D104_PSC.DEMAND.CVP.SC,0.91,SJWYT
DEM_D14302_PRF.DEMAND.CVP.RF,1,SacWYT
DEM_D162A_PSC.DEMAND.CVP.SC,0.97,SJWYT
DEM_D162A_WR_ANN.DEMAND.NP.MI,N/A,No Mapping
DEM_D162B_PSC.DEMAND.CVP.SC,0.97,SJWYT
DEM_D162B_WR_ANN.DEMAND.NP.MI,N/A,No Mapping
DEM_D162C_PSC.DEMAND.CVP.SC,0.97,SJWYT
DEM_D162D_WR_ANN.DEMAND.NP.MI,N/A,No Mapping
DEM_D162E_WR_ANN.DEMAND.NP.MI,N/A,No Mapping
DEM_D163_PRJ.DEMAND.CVP.TOTAL,0.96,SJWYT
DEM_D163_PSC.DEMAND.CVP.SC,0.96,SJWYT
DEM_D165_PRJ.DEMAND.CVP.TOTAL,0.96,SJWYT
DEM_D165_PSC.DEMAND.CVP.SC,0.96,SJWYT
DEM_D167A_WR_ANN.DEMAND.NP.MI,N/A,No Mapping
DEM_D167B_PMI_A.DEMAND.CVP.MI,NULL,No Mapping
DEM_D18201A_PRF.DEMAND.CVP.RF,1,SacWYT
DEM_D18201B_PRF.DEMAND.CVP.RF,1,SacWYT
DEM_D201_PIMI.DEMAND.SWP.MI,NULL,No Mapping
DEM_D201_POMI.DEMAND.SWP.MI,1,SacWYT
DEM_D202_PWR.DEMAND.SWP.WR,0.96,SJWYT
DEM_D204_PIMI.DEMAND.SWP.MI,1,SacWYT
DEM_D204_PIN_CFS.DEMAND.SWP.IN,N/A,No Mapping
DEM_D204_POMI.DEMAND.SWP.MI,1,SacWYT
DEM_D206A_PAG.DEMAND.SWP.AG,0.96,SJWYT
DEM_D206B_PAG.DEMAND.SWP.AG,1,SJWYT
DEM_D206B_PWR.DEMAND.SWP.WR,1,SJWYT
DEM_D206C_PAG.DEMAND.SWP.AG,0.96,SJWYT
DEM_D206C_PWR.DEMAND.SWP.WR,0.96,SJWYT
DEM_D27_PIN_CFS.DEMAND.SWP.IN,1,SacWYT
DEM_D29_PIN_CFS.DEMAND.SWP.IN,N/A,No Mapping
DEM_D300_WR_ANN.DEMAND.NP.MI,N/A,No Mapping
DEM_D302A_WR_ANN.DEMAND.NP.MI,N/A,SacWYT
DEM_D302B_WR_ANN.DEMAND.NP.MI,N/A,No Mapping
DEM_D302C_WR_ANN.DEMAND.NP.MI,N/A,No Mapping
DEM_D403B_PIN_CFS.DEMAND.SWP.IN,0.97,SacWYT
DEM_D403B_PLS_CFS.DEMAND.SWP.LS,1,SacWYT
DEM_D403C_PIN_CFS.DEMAND.SWP.IN,N/A,No Mapping
DEM_D6_PWR.DEMAND.SWP.WR,0.96,SJWYT
DEM_D608B_PEX.DEMAND.CVP.EX,1,SacWYT
DEM_D608C_PRF.DEMAND.CVP.RF,1,SacWYT
DEM_D700_PAG.DEMAND.CVP.AG,1,SacWYT
DEM_D701_PAG.DEMAND.CVP.AG,1,SacWYT
DEM_D702_PLS.DEMAND.CVP.LS,1,SacWYT
DEM_D706_PAG.DEMAND.CVP.AG,1,SacWYT
DEM_D707_PEX.DEMAND.CVP.EX,1,SacWYT
DEM_D708_PRF.DEMAND.CVP.RF,1,SacWYT
DEM_D710_PAG.DEMAND.CVP.AG,1,SacWYT
DEM_D711_PMI.DEMAND.CVP.MI,1,SacWYT
DEM_D7A_PAG.DEMAND.SWP.AG,1,SJWYT
DEM_D7A_PWR.DEMAND.SWP.WR,1,SJWYT
DEM_D7B_PAG.DEMAND.SWP.AG,1,SJWYT
DEM_D7B_PWR.DEMAND.SWP.WR,1,SJWYT
DEM_D7C_DCMP.DEMAND.SWP.DECOMP,N/A,SacWYT
DEM_D802A_PIN_CFS.DEMAND.SWP.IN,N/A,No Mapping
DEM_D803_PLS_CFS.DEMAND.SWP.LS,1,SacWYT
DEM_D810_PIN_CFS.DEMAND.SWP.IN,0.77,SJWYT
DEM_D814_PIN_CFS.DEMAND.SWP.IN,0.77,SJWYT
DEM_D815_PIN_CFS.DEMAND.SWP.IN,0.77,SJWYT
DEM_D816_PLS_CFS.DEMAND.SWP.LS,1,SacWYT
DEM_D824_PLS_CFS.DEMAND.SWP.LS,1,SacWYT
DEM_D826_PLS_CFS.DEMAND.SWP.LS,1,SacWYT
DEM_D827_PLS_CFS.DEMAND.SWP.LS,1,SacWYT
DEM_D828_PLS_CFS.DEMAND.SWP.LS,1,SacWYT
DEM_D829_PLS_CFS.DEMAND.SWP.LS,1,SacWYT
DEM_D833_PAG.DEMAND.CVP.AG,1,SacWYT
DEM_D834_PLS.DEMAND.CVP.LS,1,SacWYT
DEM_D835_PAG.DEMAND.CVP.AG,1,SacWYT
DEM_D836_PAG.DEMAND.CVP.AG,1,SacWYT
DEM_D837_PAG.DEMAND.CVP.AG,1,SacWYT
DEM_D838_PLS.DEMAND.CVP.LS,1,SacWYT
DEM_D839_PAG.DEMAND.CVP.AG,1,SacWYT
DEM_D840_PLS.DEMAND.CVP.LS,1,SacWYT
DEM_D841_PAG.DEMAND.CVP.AG,1,SacWYT
DEM_D842_PLS.DEMAND.CVP.LS,1,SacWYT
DEM_D843_PAG.DEMAND.CVP.AG,1,SacWYT
DEM_D844_PMI.DEMAND.CVP.MI,1,SacWYT
DEM_D845_PLS.DEMAND.CVP.LS,1,SacWYT
DEM_D846_PIN_CFS.DEMAND.SWP.IN,0.77,SJWYT
DEM_D847_PIN_CFS.DEMAND.SWP.IN,N/A,SacWYT
DEM_D848_PIN_CFS.DEMAND.SWP.IN,0.77,SJWYT
DEM_D849_PIN_CFS.DEMAND.SWP.IN,0.77,SJWYT
DEM_D854_PLS_CFS.DEMAND.SWP.LS,1,SacWYT
DEM_D855_PAG.DEMAND.CVP.AG,1,SacWYT
DEM_D856_PRF.DEMAND.CVP.RF,1,SacWYT
DEM_D859_PIN_CFS.DEMAND.SWP.IN,0.77,SJWYT
DEM_D862_PLS_CFS.DEMAND.SWP.LS,1,SacWYT
DEM_D864_PLS_CFS.DEMAND.SWP.LS,1,SacWYT
DEM_D868_PIN_CFS.DEMAND.SWP.IN,0.77,SJWYT
DEM_D869_PIN_CFS.DEMAND.SWP.IN,N/A,SacWYT
DEM_D870_PIN_CFS.DEMAND.SWP.IN,N/A,No Mapping
DEM_D877_PIN_CFS.DEMAND.SWP.IN,0.77,SJWYT
DEM_D878_PIN_CFS.DEMAND.SWP.IN,N/A,No Mapping
DEM_D880_PLS_CFS.DEMAND.SWP.LS,1,SacWYT
DEM_D882_PLS_CFS.DEMAND.SWP.LS,1,SacWYT
DEM_D883_PIN_CFS.DEMAND.SWP.IN,0.77,SJWYT
DEM_D884_PIN_CFS.DEMAND.SWP.IN,0.77,SJWYT
DEM_D885_PIN_CFS.DEMAND.SWP.IN,1,SacWYT
DEM_D886_PIN_CFS.DEMAND.SWP.IN,N/A,No Mapping
DEM_D887_PIN_CFS.DEMAND.SWP.IN,N/A,No Mapping
DEM_D888_PIN_CFS.DEMAND.SWP.IN,N/A,No Mapping
DEM_D889_PLS_CFS.DEMAND.SWP.LS,1,SacWYT
DEM_D891_PLS_CFS.DEMAND.SWP.LS,1,SacWYT
DEM_D893_PLS_CFS.DEMAND.SWP.LS,1,SacWYT
DEM_D894_PLS_CFS.DEMAND.SWP.LS,1,SacWYT
DEM_D895_PIN_CFS.DEMAND.SWP.IN,1,SacWYT
DEM_D899_PIN_CFS.DEMAND.SWP.IN,1,SacWYT
DEM_D8A_WR_ANN.DEMAND.NP.MI,N/A,No Mapping
DEM_D8B_PMI_ANN.DEMAND.CVP.MI,NULL,No Mapping
DEM_D8B_WR_ANN.DEMAND.NP.MI,N/A,No Mapping
DEM_D8C_WR_ANN.DEMAND.NP.MI,N/A,No Mapping
DEM_D8D_WR_ANN.DEMAND.NP.MI,N/A,No Mapping
DEM_D8E_PMI_ANN.DEMAND.CVP.MI,NULL,No Mapping
DEM_D8E_WR_ANN.DEMAND.NP.MI,N/A,No Mapping
DEM_D8F_PMI_ANN.DEMAND.CVP.MI,NULL,No Mapping
DEM_D8F_WR_ANN.DEMAND.NP.MI,N/A,No Mapping
DEM_D8G_PMI_ANN.DEMAND.CVP.MI,NULL,No Mapping
DEM_D8G_WR_ANN.DEMAND.NP.MI,N/A,No Mapping
DEM_D8H_PMI_ANN.DEMAND.CVP.MI,NULL,No Mapping
DEM_D8H_WR_ANN.DEMAND.NP.MI,N/A,No Mapping
DEM_D8I_PMI_ANN.DEMAND.CVP.MI,NULL,No Mapping
DEM_D9A_PLS.DEMAND.CVP.LS,N/A,No Mapping
DEM_D9AA_WR_ANN.DEMAND.NP.MI,N/A,No Mapping
DEM_D9AB_PMI_ANN.DEMAND.CVP.MI,NULL,No Mapping
DEM_D9B_PMI_ANN.DEMAND.CVP.MI,NULL,No Mapping
DEM_D9B_WR_ANN.DEMAND.NP.MI,N/A,No Mapping
DEM_TOTCVPS_PAG.DEMAND.CVP.AG,1,SacWYT
DEM_TOTCVPS_PEX.DEMAND.CVP.EX,1,SacWYT
DEM_TOTCVPS_PLS.DEMAND.CVP.LS,1,SacWYT
DEM_TOTCVPS_PMI.DEMAND.CVP.MI,1,SacWYT
DEM_TOTCVPS_PRF.DEMAND.CVP.RF,1,SacWYT
DEM_TOTCVPS_PRJ.DEMAND.CVP.TOTAL,1,SacWYT
DEMAND_D_BRANANIS_NP.NETDICU_POS,0.95,SJWYT
DEMAND_D_CCWDINTK.DEMAND,0.63,SJWYT
DEMAND_D_CCWDVCOR.DEMAND,0.7,SJWYT
DEMAND_D_CONEYIS_NP.NETDICU_POS,0.95,SacWYT
DEMAND_D_DAGUER_NP.DEMAND,0.97,SacWYT
DEMAND_D_FOLSM_NP.DEMAND,0.92,SJWYT
DEMAND_D_HOOD_NP.NETDICU_POS,0.83,SJWYT
DEMAND_D_HST_NP.DEMAND,0.91,SacWYT
DEMAND_D_MEDFORDIS_NP.NETDICU_POS,0.93,SacWYT
DEMAND_D_NIMBUS_NP.DEMAND,0.97,SacWYT
DEMAND_D_REDBLF_NP.DEMAND,0.91,SJWYT
DEMAND_D_SACAME_NP.DEMAND,0.12,SacWYT
DEMAND_D_SACSJR_NP.NETDICU_POS,0.92,SacWYT
DEMAND_D_SJRMERB.DEMAND,0.96,SJWYT
DEMAND_D_SJRSTAN.DEMAND,NULL,No Mapping
DEMAND_D_SJRTUOLB.DEMAND,0.96,SJWYT
DEMAND_D_SJRVER.DEMAND,0.99,SJWYT
DEMAND_D_STOCKTON_NP.NETDICU_POS,0.95,SacWYT
DEMAND_D_TERMINOUS_NP.NETDICU_POS,0.96,SJWYT
DEMAND_D_WILKNS_NP.DEMAND,0.85,SJWYT
DEMAND_D420.DEMAND,0.96,SacWYT
DEMAND_D523_MI_A.SJR.DEMAND,NULL,No Mapping
DEMAND_D572.DEMAND,1,SacWYT
DEMAND_PRJ_58.DEMAND.CVP.TOTAL,0.91,SJWYT
DEMAND_PRJ_65.DEMAND.CVP.TOTAL,0.95,SJWYT
DR69.DEMAND,0.96,SJWYT
DR70.DEMAND,NULL,SacWYT
EC_CI601DV.EC.CI,0.89,SacWYT
EC_CI604DV.EC.CI,0.89,SacWYT
EC_CI617DV.EC.CI,0.89,SacWYT
EC_CI631DV.EC.CI,0.89,SacWYT
EC_CI642DV.EC.CI,1,SacWYT
EC_GWR603.EC.GWR,0.72,SJWYT
EC_GWR604.EC.GWR,0.92,SJWYT
EC_GWR605.EC.GWR,0.68,SJWYT
EC_GWR612.EC.GWR,0.82,SJWYT
EC_GWR616.EC.GWR,0.75,SJWYT
EC_GWR617.EC.GWR,0.72,SJWYT
EC_GWR619.EC.GWR,0.67,SJWYT
EC_GWR622.EC.GWR,0.67,SJWYT
EC_GWR623.EC.GWR,0.8,SJWYT
EC_GWR624.EC.GWR,0.77,SJWYT
EC_GWR628.EC.GWR,0.88,SJWYT
EC_GWR631.EC.GWR,0.83,SJWYT
EC_GWR635.EC.GWR,0.85,SJWYT
EC_GWR638.EC.GWR,0.89,SJWYT
EC_GWR640.EC.GWR,0.87,SJWYT
EC_I_SJRMSA.EC.CI,0.97,SJWYT
EC_I614ADV.EC.CI,0.97,SJWYT
EC_I636DV.EC.CI,NULL,No Mapping
EC_I637DV.EC.CI,0.2,SacWYT
EC_R_SJRSTAND.EC.NPR,0.73,SJWYT
EC_R_SJRTUOLM.EC.NPR,0.88,SJWYT
EC_R_SJRVERA.EC.NPR,0.85,SJWYT
EC_R630M_DV.EC.NPR,0.88,SJWYT
EC_R637D_DV.EC.NPR,0.73,SJWYT
EC_R639A_DV.EC.NPR,0.85,SJWYT
EC_SWR_MDOTA.EC.SWR,0.8,SJWYT
EC_SWR17.EC.SWR,0.85,SJWYT
EC_SWR613.EC.SWR,0.82,SJWYT
EC_SWR622.EC.SWR,0.67,SJWYT
EC_SWR624.EC.SWR,0.77,SJWYT
EC_SWR628.EC.SWR,0.88,SJWYT
EC_SWR631.EC.SWR,0.83,SJWYT
EC_SWR642.EC.SWR,1,SacWYT
EC_SWR648.EC.SWR,1,SacWYT
EC1_R_MDOTAWEST.EC.WSRETURN,1,SacWYT
EC1_R_SJRMER.EC.WSRETURN,0.85,SJWYT
EC1_R_SJRMS.EC.WSRETURN,1,SacWYT
EC1_R_SJRTUOL.EC.WSRETURN,0.22,SJWYT
EC1_R_SJRVER.EC.WSRETURN,0.25,SacWYT
EC2_R_MDOTAWEST.EC.WSRETURN,1,SacWYT
EC2_R_SJRMER.EC.WSRETURN,0.85,SJWYT
EC2_R_SJRMS.EC.WSRETURN,1,SacWYT
EC2_R_SJRTUOL.EC.WSRETURN,0.22,SJWYT
EC2_R_SJRVER.EC.WSRETURN,0.25,SacWYT
EC3_R_MDOTAWEST.EC.WSRETURN,1,SacWYT
EC3_R_SJRMER.EC.WSRETURN,0.85,SJWYT
EC3_R_SJRMS.EC.WSRETURN,1,SacWYT
EC3_R_SJRTUOL.EC.WSRETURN,0.22,SJWYT
EC3_R_SJRVER.EC.WSRETURN,0.25,SacWYT
EC5_R_MDOTAWEST.EC.WSRETURN,1,SacWYT
EC5_R_SJRMER.EC.WSRETURN,0.85,SJWYT
EC5_R_SJRMS.EC.WSRETURN,1,SacWYT
EC5_R_SJRTUOL.EC.WSRETURN,0.22,SJWYT
EC5_R_SJRVER.EC.WSRETURN,0.25,SacWYT
EVAP_S_ESTMN.EVAPORATION.RATE,0.97,SacWYT
EVAP_S_FOLSM.EVAPORATION.RATE,0.99,SJWYT
EVAP_S_HNSLY.EVAPORATION.RATE,0.95,SacWYT
EVAP_S_MCLRE.EVAPORATION.RATE,0.98,SJWYT
EVAP_S_MELON.EVAPORATION.RATE,1,SJWYT
EVAP_S_MLRTN.EVAPORATION.RATE,0.99,SacWYT
EVAP_S_NHGAN.EVAPORATION.RATE,0.98,SJWYT
EVAP_S_OROVL.EVAPORATION.RATE,1,SacWYT
EVAP_S_PEDRO.EVAPORATION.RATE,0.98,SJWYT
EVAP_S_SHSTA.EVAPORATION.RATE,0.98,SJWYT
EVAP_S_SLCVP.EVAPORATION.RATE,0.99,SacWYT
EVAP_S_SLSWP.EVAPORATION.RATE,0.99,SacWYT
EVAP_S_TRNTY.EVAPORATION.RATE,0.99,SacWYT
EVAP_S_WKYTN.EVAPORATION.RATE,0.98,SJWYT
EVAP_S17.EVAPORATION.RATE,0.99,SacWYT
EVAP_S75.EVAPORATION.RATE,1,SacWYT
EVAP_S76.EVAPORATION.RATE,1,SJWYT
EVAP_S78.EVAPORATION.RATE,1,SacWYT
EVAP_S79.EVAPORATION.RATE,1,SacWYT
FERCBASE.FLOW.MIN.REQUIRED,0.62,SJWYT
FERCPULSE.FLOW.MIN.REQUIRED,0.92,SJWYT
GP522_MIN_PAG_LIMIT.GW.PUMPING,1,SacWYT
GP522_MIN_PRV_LIMIT.GW.PUMPING,1,SacWYT
GP528ATS.GW.PUMPING,N/A,SJWYT
GP530_MIN_PAG_LIMIT.GW.PUMPING,1,SacWYT
GP530_MIN_PRV_LIMIT.GW.PUMPING,1,SacWYT
GWR603.GWR.FLOW,0.92,SJWYT
GWR604.GWR.FLOW,1,SJWYT
GWR605.GWR.FLOW,1,SJWYT
GWR612.GWR.FLOW,0.99,SJWYT
GWR616.GWR.FLOW,0.98,SJWYT
GWR617.GWR.FLOW,0.98,SJWYT
GWR619.GWR.FLOW,0.98,SJWYT
GWR622.GWR.FLOW,0.99,SJWYT
GWR623.GWR.FLOW,0.99,SJWYT
GWR624.GWR.FLOW,0.99,SJWYT
GWR628.GWR.FLOW,0.99,SJWYT
GWR631.GWR.FLOW,0.99,SJWYT
GWR635.GWR.FLOW,0.98,SJWYT
GWR638.GWR.FLOW,0.98,SJWYT
GWR640.GWR.FLOW,0.92,SJWYT
I_BRANANIS.FLOW.INFLOW,0.78,PutahCreek
I_CALAV.FLOW.INFLOW,0.78,PutahCreek
I_CONEYIS.FLOW.INFLOW,0.6,PutahCreek
I_EASTBYP.FLOW.INFLOW,0.99,ChowchillaRiver
I_ESTMN.FLOW.INFLOW,0.99,ChowchillaRiver
I_FOLSM.FLOW.INFLOW,1,I_FOLSM
I_HNSLY.FLOW.INFLOW,0.99,FresnoRiver
I_HOOD.FLOW.INFLOW,0.73,PutahCreek
I_KELLYRIDGE.FLOW.INFLOW,0.26,SacWYT
I_KERN.FLOW.INFLOW,0.25,I_MLRTN
I_LEWISTON.FLOW.INFLOW,1,I_TRNTY
I_MARSHCR.FLOW.INFLOW,0.44,SJWYT
I_MCLRE.FLOW.INFLOW,1,I_MCLRE
I_MDOTA.FLOW.INFLOW,0.39,I_MELON
I_MEDFORDIS.FLOW.INFLOW,0.71,PutahCreek
I_MELON.FLOW.INFLOW,1,I_MELON
I_MERCED1B.FLOW.INFLOW,0.28,FresnoRiver
I_MERCED1C.FLOW.INFLOW,0.07,SJWYT
I_MERCED2.FLOW.INFLOW,0.01,SJWYT
I_MLRTN.FLOW.INFLOW,1,I_MLRTN
I_MOKELUMNE.FLOW.INFLOW,1,I_MOKELUMNE
I_NHGAN.FLOW.INFLOW,1,I_NHGAN
I_NIMBUS.FLOW.INFLOW,0.88,CalaverasRiver
I_OROVL.FLOW.INFLOW,1,I_OROVL
I_PEDRO.FLOW.INFLOW,1,I_PEDRO
I_SACSJR.FLOW.INFLOW,0.67,PutahCreek
I_SHSTA.FLOW.INFLOW,1,I_SHSTA
I_SJRMAZE.FLOW.INFLOW,0.34,SJWYT
I_SJRMS.FLOW.INFLOW,0.38,PutahCreek
I_SJRMSA.FLOW.INFLOW,0.38,PutahCreek
I_SJRSTAN.FLOW.INFLOW,0.34,SJWYT
I_STANGDWN.FLOW.INFLOW,1,I_NHGAN
I_STANRIPN.FLOW.INFLOW,0.24,SJWYT
I_STOCKTON.FLOW.INFLOW,0.66,PutahCreek
I_TERMINOUS.FLOW.INFLOW,0.75,PutahCreek
I_TRNTY.FLOW.INFLOW,1,I_TRNTY
I_TUOL.FLOW.INFLOW,0.27,CalaverasRiver
I_WKYTN.FLOW.INFLOW,1,I_WKYTN
I_YUBA.FLOW.INFLOW,1,I_YUBA
I18_FG.FLOW.INFLOW,0.88,FresnoRiver
I18_SJR.FLOW.INFLOW,1,I_MLRTN
I501.FLOW.INFLOW,0.99,CosumnesRiver
I512.FLOW.INFLOW,0.83,CalaverasRiver
INT_CWEIR.INTEGER,0.59,BearRiver
LIM_CVP_ANN.ALLOCATION.LIMIT,0.9,SacWYT
MAMMOTH_STORAGE.STORAGE,0.83,SJWYT
MINFLOW_C_KSWCK.FLOW.MIN.REQUIRED,NULL,No Mapping
MINFLOW_C_MERCED1B.FLOW.MIN.REQUIRED,1,SJWYT
MINFLOW_C_MERCED1C.FLOW.MIN.REQUIRED,0.98,SJWYT
MINFLOW_C_YUBFEA.FLOW.MIN.REQUIRED,0.68,SJWYT
MINFLOWFEAMOUTH.FLOW.MIN.REQUIRED,0.72,SacWYT
MINGW_69.GW.PUMPING.MIN,0.96,SJWYT
MINGW_70.GW.PUMPING.MIN,N/A,SacWYT
MINPUMP_70_PRJ.MINPUMP,0.97,SJWYT
NMFORECAST1SV.FORECAST,0.24,SacWYT
NP_DR70_IMI.DEM.NP.INDOORMI,N/A,No Mapping
NP_ED_IMI.DEM.NP.INDOORMI,N/A,No Mapping
NPD17.NPD.FLOW,NULL,No Mapping
NPD601.NPD.FLOW,NULL,No Mapping
NPD602.NPD.FLOW,NULL,No Mapping
NPD603.NPD.FLOW,NULL,No Mapping
NPD604.NPD.FLOW,NULL,No Mapping
NPD605.NPD.FLOW,NULL,No Mapping
NPD611.NPD.FLOW,NULL,No Mapping
NPD612.NPD.FLOW,NULL,No Mapping
NPD613.NPD.FLOW,NULL,No Mapping
NPD614.NPD.FLOW,NULL,No Mapping
NPD615.NPD.FLOW,NULL,No Mapping
NPD616.NPD.FLOW,NULL,No Mapping
NPD624.NPD.FLOW,NULL,No Mapping
NPD627.NPD.FLOW,NULL,No Mapping
NPD628.NPD.FLOW,NULL,No Mapping
NPD629.NPD.FLOW,NULL,No Mapping
NPD630.NPD.FLOW,NULL,No Mapping
NPD631.NPD.FLOW,NULL,No Mapping
NPD632.NPD.FLOW,NULL,No Mapping
NPD636.NPD.FLOW,NULL,No Mapping
NPD637.NPD.FLOW,NULL,No Mapping
NPD638.NPD.FLOW,NULL,No Mapping
NPD645.NPD.FLOW,NULL,No Mapping
NPD649.NPD.FLOW,NULL,No Mapping
NPR601.NPR.FLOW,NULL,No Mapping
NPR602.NPR.FLOW,0.96,SJWYT
NPR603.NPR.FLOW,0.96,SJWYT
NPR604.NPR.FLOW,0.96,SJWYT
NPR605.NPR.FLOW,0.96,SJWYT
NPR612.NPR.FLOW,0.96,SJWYT
NPR616.NPR.FLOW,0.96,SJWYT
NPR617.NPR.FLOW,0.96,SJWYT
NPR623.NPR.FLOW,0.96,SJWYT
NPR628.NPR.FLOW,0.96,SJWYT
NPR631.NPR.FLOW,0.96,SJWYT
NPR635.NPR.FLOW,0.96,SJWYT
NPR638.NPR.FLOW,0.96,SJWYT
NPR645.NPR.FLOW,0.96,SJWYT
NPR649.NPR.FLOW,0.96,SJWYT
PERDEL_CVPAG_S.PERCENT.DELIVERY,0.53,SJWYT
PERDEL_CVPEX_S.PERCENT.DELIVERY,0.33,SacWYT
PERDEL_CVPMI_S.PERCENT.DELIVERY,0.52,SJWYT
PERDEL_CVPRF_S.PERCENT.DELIVERY,0.33,SacWYT
PERDEM_70.DELIVERY.PATTERN,0.97,SJWYT
PERDEM_70ARCWD.DELIVERY.PATTERN,0.97,SJWYT
PERDEM_70CAREC.DELIVERY.PATTERN,0.97,SJWYT
PERDEM_70CARM.DELIVERY.PATTERN,0.97,SJWYT
PERDEM_70ELDOR.DELIVERY.PATTERN,0.97,SJWYT
PERDEM_70ELDORCO.DELIVERY.PATTERN,0.97,SJWYT
PERDEM_70FOL.DELIVERY.PATTERN,0.97,SJWYT
PERDEM_70FOLP.DELIVERY.PATTERN,0.97,SJWYT
PERDEM_70NRWD.DELIVERY.PATTERN,0.97,SJWYT
PERDEM_70PCWA.DELIVERY.PATTERN,0.97,SJWYT
PERDEM_70ROSE.DELIVERY.PATTERN,0.97,SJWYT
PERDEM_70SAC.DELIVERY.PATTERN,0.97,SJWYT
PERDEM_70SCWA.DELIVERY.PATTERN,0.65,SacWYT
PERDEM_70SCWC.DELIVERY.PATTERN,0.97,SJWYT
PERDEM_70SJWDP.DELIVERY.PATTERN,0.97,SJWYT
PERDEM_70SJWDS.DELIVERY.PATTERN,0.97,SJWYT
PERDEM_70SMUD.DELIVERY.PATTERN,1,SacWYT
PERDV_CVPAG_S.PERCENT.DELIVERY,N/A,No Mapping
PERDV_CVPAG_S_DV.PERCENT.DELIVERY,N/A,No Mapping
PERDV_CVPAG_SYS.PERCENT.DELIVERY,N/A,No Mapping
PERDV_CVPAG_SYS_DV.PERCENT.DELIVERY,N/A,No Mapping
PERDV_CVPEX_S.PERCENT.DELIVERY,N/A,No Mapping
PERDV_CVPEX_S_DV.PERCENT.DELIVERY,N/A,No Mapping
PERDV_CVPMI_S.PERCENT.DELIVERY,N/A,No Mapping
PERDV_CVPMI_S_DV.PERCENT.DELIVERY,N/A,No Mapping
PERDV_CVPMI_SYS.PERCENT.DELIVERY,N/A,No Mapping
PERDV_CVPMI_SYS_DV.PERCENT.DELIVERY,N/A,No Mapping
PERDV_CVPRF_S.PERCENT.DELIVERY,N/A,No Mapping
PERDV_CVPRF_S_DV.PERCENT.DELIVERY,N/A,No Mapping
PERDV_CVPRF_SYS.PERCENT.DELIVERY,N/A,No Mapping
PERDV_CVPRF_SYS_DV.PERCENT.DELIVERY,N/A,No Mapping
PERDV_CVPSC_SYS.PERCENT.DELIVERY,N/A,No Mapping
PERDV_CVPSC_SYS_DV.PERCENT.DELIVERY,N/A,No Mapping
PRJ_DR70.DIV.REQUIREMENT,0.97,SJWYT
PRJ_DR70_IMI.DEM.CVP.INDOORMI,NULL,No Mapping
PRJ_ED_IMI.DEM.CVP.INDOORMI,N/A,No Mapping
R_MDOTA_W.FLOW.RETURN,0.97,SacWYT
R_SJR644.FLOW.RETURN,NULL,No Mapping
R_SJRCALB.FLOW.RETURN,NULL,No Mapping
R_SJRMS_W.FLOW.RETURN,0.98,SacWYT
R_SJRTUOLWEST_W.FLOW.RETURN,0.93,SJWYT
R_SJRVERWEST_W.FLOW.RETURN,0.93,SJWYT
REST_REQ_NP.RELEASE.HYDROGRAPH,N/A,No Mapping
REST_REQ_NP_I.INTERIM.RELEASE.HYDROGRAPH,0.83,SJWYT
REST_REQ_P.RELEASE.HYDROGRAPH,N/A,No Mapping
REST_REQ_P_I.INTERIM.RELEASE.HYDROGRAPH,0.94,SJWYT
S_ESTMNLEVEL2.STORAGE.LEVEL,NULL,No Mapping
S_ESTMNLEVEL4.STORAGE.LEVEL,0.99,SJWYT
S_FOLSMLEVEL2.STORAGE.LEVEL,0.77,SacWYT
S_FOLSMLEVEL4.STORAGE.LEVEL,0.95,SJWYT
S_FOLSMLEVEL5.STORAGE.LEVEL,0.97,SJWYT
S_HNSLYLEVEL2.STORAGE.LEVEL,0.72,SJWYT
S_HNSLYLEVEL4.STORAGE.LEVEL,0.99,SJWYT
S_NHGANLEVEL4.STORAGE.LEVEL,0.99,SJWYT
S_OROVLLEVEL5.STORAGE.LEVEL,0.91,SacWYT
S_PEDROLEVEL4.STORAGE.LEVEL,0.87,SJWYT
S_SHSTALEVEL2.STORAGE.LEVEL,0.67,SacWYT
S_SHSTALEVEL4.STORAGE.LEVEL,0.96,SacWYT
S_SHSTALEVEL5.STORAGE.LEVEL,0.95,SacWYT
S_TRNTYLEVEL2.STORAGE.LEVEL,0.78,SacWYT
S_TRNTYLEVEL3.STORAGE.LEVEL,0.78,SacWYT
S75_SEEP.DEMAND,1,SacWYT
SAC_RI.SRI_FLOW,0.96,I_OROVL
SALT630_DV.FLOWTIMESEC,1,SJWYT
SALT636_DV.FLOWTIMESEC,1,SJWYT
SALTSJRMAZE.FLOWTIMESEC,1,SJWYT
SALTSJRTUOL.FLOWTIMESEC,1,SJWYT
SD_CASTAIC.STORAGE.DIVERSION,0.57,SJWYT
SD_DELVALLE.STORAGE.DIVERSION,0.62,SJWYT
SD_PERRIS.STORAGE.DIVERSION,0.98,SacWYT
SD_PYRAMID.STORAGE.DIVERSION,0.97,SJWYT
SD_SILVERWOOD.STORAGE.DIVERSION,0.66,SJWYT
SJR_ANN.FLOW.CHANNEL,0.65,I_MOKELUMNE
SJR_ANN_EST_V.ANN.PARAMETER,0.66,I_MOKELUMNE
SJR_ANN_V.FLOW.CHANNEL,0.65,I_MOKELUMNE
SPILL_526_PAG.FLOW.RETURN,1,SacWYT
SPILL_532_PAG.FLOW.RETURN,1,SJWYT
SPILL_534B_PAG.FLOW.RETURN,1,SJWYT
SPILL_545B_PAG.FLOW.RETURN,1,SJWYT
SPILL_STANRIPNA_PAG.FLOW.RETURN,1,SJWYT
SPILL_STANRIPNB_PAG.FLOW.RETURN,1,SacWYT
SRI.INDEX,0.91,SacWYT
SW_CASTAIC.STORAGE.WITHDRAWAL,0.97,SJWYT
SW_DELVALLE.STORAGE.WITHDRAWAL,0.87,SacWYT
SW_PERRIS.STORAGE.WITHDRAWAL,NULL,No Mapping
SW_PYRAMID.STORAGE.WITHDRAWAL,0.3,SJWYT
SW_SILVERWOOD.STORAGE.WITHDRAWAL,1,SJWYT
TARGET_D131SC.DIV.REQUIREMENT,0.98,SJWYT
TARGET_D14301GCID.DIV.REQUIREMENT,0.98,SJWYT
TARGET_D14301SC.DIV.REQUIREMENT,0.99,SJWYT
TARGET_D14501GCID.DIV.REQUIREMENT,0.99,SJWYT
TARGET_D14501SC.DIV.REQUIREMENT,0.99,SJWYT
TARGET_D17101.DIV.REQUIREMENT,0.95,SJWYT
TARGET_D17201.DIV.REQUIREMENT,0.9,SJWYT
TARGET_D17401.DIV.REQUIREMENT,0.97,SJWYT
TARGET_D17801.DIV.REQUIREMENT,0.96,SJWYT
TARGET_D18301SC.DIV.REQUIREMENT,0.98,SJWYT
TS_ADJ_RB.FLOW,0.83,PutahCreek
TS_ADJ_WLK.FLOW,0.84,PutahCreek
TULE_WET_INDX.FRIANT.INDX,0.72,FresnoRiver
UARM.STORAGE,0.75,SacWYT
UNIMPAIRED_NDO.UNIMPAIRED.FLOW,0.92,I_OROVL
UNIMPAIRED_SAC.UNIMPAIRED.FLOW,0.95,I_SHSTA
UNIMPAIRED_SJR.UNIMPAIRED.FLOW,0.99,I_MCLRE
VERNWQFINAL.SALINITY.EC,0.75,SJWYT
VERNWQFINAL_V.SALINITY.EC,0.75,SJWYT
WQ408_RS.SALINITY,0.47,SJWYT
XX_ACVPDEM_70.DEMAND.ANNUAL,0.31,SacWYT
XX_ACVPDEM_DR_N.DEMAND.ANNUAL,0.26,SJWYT
XX_ACVPDEM_DR58.DEMAND.ANNUAL,0.07,SJWYT
XX_ACVPDEM_DR65.DEMAND.ANNUAL,0.17,SacWYT
XX_ACVPDEM_DRCB1.DEMAND.ANNUAL,0.2,SJWYT
XX_ACVPDEM_DRCB2.DEMAND.ANNUAL,0.2,SJWYT
XX_ACVPDEM_PAG_N.DEMAND.ANNUAL,0.11,SJWYT
XX_ACVPDEM_PMI_N.DEMAND.ANNUAL,0.31,SacWYT
XX_ACVPDEM_PRF_N.DEMAND.ANNUAL,NULL,No Mapping
XX_ACVPDEM_PSC_N.DEMAND.ANNUAL,0.2,SJWYT
XX_ACVPDEM_TOTAL_N.DEMAND.ANNUAL,0.29,SacWYT
AD_REDBLF_Local.FLOW.ACCRDEPL,N/A,I_SHSTA
AD_REDBLF_Return.FLOW.ACCRDEPL,N/A,SacWYT
AD_REDBLF_Acc.FLOW.ACCRDEPL,N/A,I_SHSTA
AD_REDBLF_Dep.FLOW.ACCRDEPL,N/A,SacWYT
AD_REDBLF_Div.FLOW.ACCRDEPL,N/A,No Mapping
AD_REDBLF_Weir.FLOW.ACCRDEPL,N/A,No Mapping
AD_REDBLF_Bypass.FLOW.ACCRDEPL,N/A,No Mapping
AD_WILKNS_Local.FLOW.ACCRDEPL,N/A,I_SHSTA
AD_WILKNS_Return.FLOW.ACCRDEPL,N/A,I_SHSTA
AD_WILKNS_Acc.FLOW.ACCRDEPL,N/A,I_SHSTA
AD_WILKNS_Dep.FLOW.ACCRDEPL,N/A,SacWYT
AD_WILKNS_Div.FLOW.ACCRDEPL,N/A,No Mapping
AD_WILKNS_Weir.FLOW.ACCRDEPL,N/A,SacWYT
AD_WILKNS_Bypass.FLOW.ACCRDEPL,N/A,No Mapping
AD_THERM_Local.FLOW.ACCRDEPL,N/A,I_OROVL
AD_THERM_Return.FLOW.ACCRDEPL,N/A,No Mapping
AD_THERM_Acc.FLOW.ACCRDEPL,N/A,SacWYT
AD_THERM_Dep.FLOW.ACCRDEPL,N/A,SacWYT
AD_THERM_Div.FLOW.ACCRDEPL,N/A,No Mapping
AD_THERM_Weir.FLOW.ACCRDEPL,N/A,No Mapping
AD_THERM_Bypass.FLOW.ACCRDEPL,N/A,No Mapping
AD_YUBFEA_Local.FLOW.ACCRDEPL,N/A,I_YUBA
AD_YUBFEA_Return.FLOW.ACCRDEPL,N/A,SacWYT
AD_YUBFEA_Acc.FLOW.ACCRDEPL,N/A,I_YUBA
AD_YUBFEA_Dep.FLOW.ACCRDEPL,N/A,SacWYT
AD_YUBFEA_Div.FLOW.ACCRDEPL,N/A,SacWYT
AD_YUBFEA_Weir.FLOW.ACCRDEPL,N/A,No Mapping
AD_YUBFEA_Bypass.FLOW.ACCRDEPL,N/A,No Mapping
AD_SACFEA_Local.FLOW.ACCRDEPL,N/A,SacWYT
AD_SACFEA_Return.FLOW.ACCRDEPL,N/A,I_SHSTA
AD_SACFEA_Acc.FLOW.ACCRDEPL,N/A,No Mapping
AD_SACFEA_Dep.FLOW.ACCRDEPL,N/A,SacWYT
AD_SACFEA_Div.FLOW.ACCRDEPL,N/A,No Mapping
AD_SACFEA_Weir.FLOW.ACCRDEPL,N/A,No Mapping
AD_SACFEA_Bypass.FLOW.ACCRDEPL,N/A,I_SHSTA
AD_SACAME_Local.FLOW.ACCRDEPL,N/A,SacWYT
AD_SACAME_Return.FLOW.ACCRDEPL,N/A,I_FOLSM
AD_SACAME_Acc.FLOW.ACCRDEPL,N/A,SacWYT
AD_SACAME_Dep.FLOW.ACCRDEPL,N/A,SacWYT
AD_SACAME_Div.FLOW.ACCRDEPL,N/A,SacWYT
AD_SACAME_Weir.FLOW.ACCRDEPL,N/A,SacWYT
AD_SACAME_Bypass.FLOW.ACCRDEPL,N/A,No Mapping
AD_HST_Local.FLOW.ACCRDEPL,N/A,I_FOLSM
AD_HST_Return.FLOW.ACCRDEPL,N/A,No Mapping
AD_HST_Acc.FLOW.ACCRDEPL,N/A,No Mapping
AD_HST_Dep.FLOW.ACCRDEPL,N/A,SacWYT
AD_HST_Div.FLOW.ACCRDEPL,N/A,No Mapping
AD_HST_Weir.FLOW.ACCRDEPL,N/A,No Mapping
AD_HST_Bypass.FLOW.ACCRDEPL,N/A,No Mapping
