﻿A,B,C,D,E,F
CALLITE,A,IGNORE,1MON,2020D09E,NA
CALLITE,ABVNWMNRESLOAD,FLOWTIMESEC,1MON,2020D09E,NONE
CALLITE,ACVPDEM_DR_SYS,DEMAND-ANNUAL,1MON,2020D09E,TAF
CALLITE,ACVPDEM_PAG_S,DEM-CVPS-AG-TOTAL,1MON,2020D09E,TAF
CALLITE,ACVPDEM_PAG_SYS,DEM-CVPSYS-AG-TOTAL,1MON,2020D09E,TAF
CALLITE,ACVPDEM_PEX_S,DEM-CVPS-EX-TOTAL,1MON,2020D09E,TAF
CALLITE,ACVPDEM_PEX_SYS,DEM-CVPSYS-EX-TOTAL,1MON,2020D09E,TAF
CALLITE,ACVPDEM_PLS_S,DEM-CVPS-LS-TOTAL,1MON,2020D09E,TAF
CALLITE,ACVPDEM_PLS_SYS,DEM-CVPSYS-LS-TOTAL,1MON,2020D09E,TAF
CALLITE,ACVPDEM_PMI_S,DEM-CVPS-MI-TOTAL,1MON,2020D09E,TAF
CALLITE,ACVPDEM_PMI_SYS,DEM-CVPSYS-MI-TOTAL,1MON,2020D09E,TAF
CALLITE,ACVPDEM_PRF_S,DEM-CVPS-RF-TOTAL,1MON,2020D09E,TAF
CALLITE,ACVPDEM_PRF_SYS,DEM-CVPSYS-RF-TOTAL,1MON,2020D09E,TAF
CALLITE,ACVPDEM_PSC_SYS,DEM-CVPSYS-SC-TOTAL,1MON,2020D09E,TAF
CALLITE,ACVPDEM_TOTAL_S,DEM-CVPS-TOTAL,1MON,2020D09E,TAF
CALLITE,ACVPDEM_TOT_SYS,DEM-CVPSYS-TOTAL,1MON,2020D09E,TAF
CALLITE,AD_CALAVERAS,FLOW-ACCRDEPL,1MON,2020D09E,CFS
CALLITE,AD_CASTAIC,FLOW-ACCRDEPL,1MON,2020D09E,CFS
CALLITE,AD_HST,FLOW-ACCRDEPL,1MON,2020D09E,CFS
CALLITE,AD_JAMESBP,FLOW-ACCRDEPL,1MON,2020D09E,CFS
CALLITE,AD_KSWCK,FLOW-ACCRDEPL,1MON,2020D09E,CFS
CALLITE,AD_MOKELUMNE,FLOW-ACCRDEPL,1MON,2020D09E,CFS
CALLITE,AD_NIMBUS,FLOW-ACCRDEPL,1MON,2020D09E,CFS
CALLITE,AD_REDBLF,FLOW-ACCRDEPL,1MON,2020D09E,CFS
CALLITE,AD_SACAME,FLOW-ACCRDEPL,1MON,2020D09E,CFS
CALLITE,AD_SACFEA,FLOW-ACCRDEPL,1MON,2020D09E,CFS
CALLITE,AD_SJR_PULSE_V,FLOW-CHANNEL,1MON,2020D09E,CFS
CALLITE,AD_SJR_V,FLOW-ACCRDEPL,1MON,2020D09E,CFS
CALLITE,AD_STANGDWN,FLOW-ACCRDEPL,1MON,2020D09E,CFS
CALLITE,AD_THERM,FLOW-ACCRDEPL,1MON,2020D09E,CFS
CALLITE,AD_WILKNS,FLOW-ACCRDEPL,1MON,2020D09E,CFS
CALLITE,AD_YOLOBP,FLOW-ACCRDEPL,1MON,2020D09E,CFS
CALLITE,AD_YUBFEA,FLOW-ACCRDEPL,1MON,2020D09E,CFS
CALLITE,BTWMAZENWMNRESLOAD,FLOWTIMESEC,1MON,2020D09E,NONE
CALLITE,C217B,FLOW-CHANNEL,1MON,2020D09E,CFS
CALLITE,C5_MIF_CS2,FLOW-MIN-REQUIRED,1MON,2020D09E,CFS
CALLITE,C619FIX,FLOW-CHANNEL,1MON,2020D09E,CFS
CALLITE,C854,FLOW-CHANNEL,1MON,2020D09E,CFS
CALLITE,CAP_C855_CVC_F,CAPACITY,1MON,2020D09E,TAF
CALLITE,CAP_C855_CVC_R,CAPACITY,1MON,2020D09E,TAF
CALLITE,CI601DV,CREEK-INFLOW,1MON,2020D09E,CFS
CALLITE,CI604DV,CREEK-INFLOW,1MON,2020D09E,CFS
CALLITE,CI642DV,CREEK-INFLOW,1MON,2020D09E,CFS
CALLITE,CON_114GCID,DEMAND,1MON,2020D09E,CFS
CALLITE,CON_131SC,DEMAND,1MON,2020D09E,CFS
CALLITE,CON_14301SC,DEMAND,1MON,2020D09E,CFS
CALLITE,CON_14501SC,DEMAND,1MON,2020D09E,CFS
CALLITE,CON_18301SC,DEMAND,1MON,2020D09E,CFS
CALLITE,CON_D14302_PRF,DEMAND-CVP-RF,1MON,2020D09E,CFS
CALLITE,CON_D171_PAG,DEMAND,1MON,2020D09E,CFS
CALLITE,CON_D172_PAG,DEMAND,1MON,2020D09E,CFS
CALLITE,CON_D174_PAG,DEMAND,1MON,2020D09E,CFS
CALLITE,CON_D178_PAG,DEMAND,1MON,2020D09E,CFS
CALLITE,CON_D18201A_PRF,DEMAND-CVP-RF,1MON,2020D09E,CFS
CALLITE,CON_D18201B_PRF,DEMAND-CVP-RF,1MON,2020D09E,CFS
CALLITE,COSMA_AGDMD,COSMA-DEMAND,1MON,2020D09E,TAF
CALLITE,COSMA_AG_GW,COSMA-DEMAND,1MON,2020D09E,TAF
CALLITE,COSMA_MIDMD,COSMA-DEMAND,1MON,2020D09E,TAF
CALLITE,CUAW_511_ND,SJR-DEMAND,1MON,2020D09E,TAF
CALLITE,CUAW_511_PAG,SJR-DEMAND,1MON,2020D09E,TAF
CALLITE,CUAW_512_PAG,SJR-DEMAND,1MON,2020D09E,TAF
CALLITE,CUAW_523OID_PAG,SJR-DEMAND,1MON,2020D09E,TAF
CALLITE,CUAW_523SSJ_PAG,SJR-DEMAND,1MON,2020D09E,TAF
CALLITE,CUAW_528A_PAG,SJR-DEMAND,1MON,2020D09E,TAF
CALLITE,CUAW_531_ND,SJR-DEMAND,1MON,2020D09E,TAF
CALLITE,CUAW_531_PAG,SJR-DEMAND,1MON,2020D09E,TAF
CALLITE,CUAW_533_PAG,SJR-DEMAND,1MON,2020D09E,TAF
CALLITE,CUAW_535_PAG,SJR-DEMAND,1MON,2020D09E,TAF
CALLITE,CUAW_545A_PAG,SJR-DEMAND,1MON,2020D09E,TAF
CALLITE,CUAW_549_ND,SJR-DEMAND,1MON,2020D09E,TAF
CALLITE,CUAW_549_PAG,SJR-DEMAND,1MON,2020D09E,TAF
CALLITE,CUAW_551_PAG,SJR-DEMAND,1MON,2020D09E,TAF
CALLITE,CUAW_562A_PAG,SJR-DEMAND,1MON,2020D09E,TAF
CALLITE,CUAW_571_ND,SJR-DEMAND,1MON,2020D09E,TAF
CALLITE,CUAW_571_PAG,SJR-DEMAND,1MON,2020D09E,TAF
CALLITE,CUAW_574_PAG,SJR-DEMAND,1MON,2020D09E,TAF
CALLITE,CUAW_584_PAG,SJR-DEMAND,1MON,2020D09E,TAF
CALLITE,CUAW_586_ND,SJR-DEMAND,1MON,2020D09E,TAF
CALLITE,CUAW_592_ND,SJR-DEMAND,1MON,2020D09E,TAF
CALLITE,CUAW_592_PAG,SJR-DEMAND,1MON,2020D09E,TAF
CALLITE,CUAW_STANRIPNA_PAG,SJR-DEMAND,1MON,2020D09E,TAF
CALLITE,C_CALAVERAS,FLOW-CHANNEL,1MON,2020D09E,CFS
CALLITE,C_COSUMNES,FLOW-CHANNEL,1MON,2020D09E,CFS
CALLITE,C_DMC,FLOW-CHANNEL,1MON,2020D09E,CFS
CALLITE,C_MDOTABC,FLOW-CHANNEL,1MON,2020D09E,CFS
CALLITE,C_SJRSACKBC,FLOW-CHANNEL,1MON,2020D09E,CFS
CALLITE,C_STCR_TC,FLOW-CHANNEL,1MON,2020D09E,CFS
CALLITE,C_TC_GC,FLOW-CHANNEL,1MON,2020D09E,CFS
CALLITE,D100,FLOW-DELIVERY,1MON,2020D09E,CFS
CALLITE,D162_NP,FLOW-DELIVERY,1MON,2020D09E,CFS
CALLITE,D168B_EBMUD,FLOW-DELIVERY,1MON,2020D09E,CFS
CALLITE,D168C_FRWP_PMI,FLOW-DELIVERY,1MON,2020D09E,CFS
CALLITE,D182A,FLOW-DELIVERY,1MON,2020D09E,CFS
CALLITE,D182B,FLOW-DELIVERY,1MON,2020D09E,CFS
CALLITE,D18302,FLOW-DELIVERY,1MON,2020D09E,CFS
CALLITE,D217,FLOW-DELIVERY,1MON,2020D09E,CFS
CALLITE,D285,FLOW-DELIVERY,1MON,2020D09E,CFS
CALLITE,D514A,FLOW-DELIVERY,1MON,2020D09E,CFS
CALLITE,D514A_1_VAMP,FLOW-DELIVERY,1MON,2020D09E,CFS
CALLITE,D514B,FLOW-DELIVERY,1MON,2020D09E,CFS
CALLITE,D514B_VAMP,FLOW-DELIVERY,1MON,2020D09E,CFS
CALLITE,D523_PAG_FACTOR,FACTOR,1MON,2020D09E,PERCENT
CALLITE,D531_PAG_FACTOR,FACTOR,1MON,2020D09E,PERCENT
CALLITE,D607B,FLOW-DELIVERY,1MON,2020D09E,CFS
CALLITE,D608B,FLOW-DELIVERY,1MON,2020D09E,CFS
CALLITE,D620B,FLOW-DELIVERY,1MON,2020D09E,CFS
CALLITE,D630B,FLOW-DELIVERY,1MON,2020D09E,CFS
CALLITE,D637,FLOW-DELIVERY,1MON,2020D09E,CFS
CALLITE,D639,FLOW-DELIVERY,1MON,2020D09E,CFS
CALLITE,D700,FLOW-DELIVERY,1MON,2020D09E,CFS
CALLITE,D701,FLOW-DELIVERY,1MON,2020D09E,CFS
CALLITE,D706,FLOW-DELIVERY,1MON,2020D09E,CFS
CALLITE,D707,FLOW-DELIVERY,1MON,2020D09E,CFS
CALLITE,DAY1,VOL-FRACTION,1MON,2020D09E,NONE
CALLITE,DAY10,VOL-FRACTION,1MON,2020D09E,NONE
CALLITE,DAY11,VOL-FRACTION,1MON,2020D09E,NONE
CALLITE,DAY12,VOL-FRACTION,1MON,2020D09E,NONE
CALLITE,DAY13,VOL-FRACTION,1MON,2020D09E,NONE
CALLITE,DAY14,VOL-FRACTION,1MON,2020D09E,NONE
CALLITE,DAY15,VOL-FRACTION,1MON,2020D09E,NONE
CALLITE,DAY16,VOL-FRACTION,1MON,2020D09E,NONE
CALLITE,DAY17,VOL-FRACTION,1MON,2020D09E,NONE
CALLITE,DAY18,VOL-FRACTION,1MON,2020D09E,NONE
CALLITE,DAY19,VOL-FRACTION,1MON,2020D09E,NONE
CALLITE,DAY2,VOL-FRACTION,1MON,2020D09E,NONE
CALLITE,DAY20,VOL-FRACTION,1MON,2020D09E,NONE
CALLITE,DAY21,VOL-FRACTION,1MON,2020D09E,NONE
CALLITE,DAY22,VOL-FRACTION,1MON,2020D09E,NONE
CALLITE,DAY23,VOL-FRACTION,1MON,2020D09E,NONE
CALLITE,DAY24,VOL-FRACTION,1MON,2020D09E,NONE
CALLITE,DAY25,VOL-FRACTION,1MON,2020D09E,NONE
CALLITE,DAY26,VOL-FRACTION,1MON,2020D09E,NONE
CALLITE,DAY27,VOL-FRACTION,1MON,2020D09E,NONE
CALLITE,DAY28,VOL-FRACTION,1MON,2020D09E,NONE
CALLITE,DAY29,VOL-FRACTION,1MON,2020D09E,NONE
CALLITE,DAY3,VOL-FRACTION,1MON,2020D09E,NONE
CALLITE,DAY30,VOL-FRACTION,1MON,2020D09E,NONE
CALLITE,DAY31,VOL-FRACTION,1MON,2020D09E,NONE
CALLITE,DAY4,VOL-FRACTION,1MON,2020D09E,NONE
CALLITE,DAY5,VOL-FRACTION,1MON,2020D09E,NONE
CALLITE,DAY6,VOL-FRACTION,1MON,2020D09E,NONE
CALLITE,DAY7,VOL-FRACTION,1MON,2020D09E,NONE
CALLITE,DAY8,VOL-FRACTION,1MON,2020D09E,NONE
CALLITE,DAY9,VOL-FRACTION,1MON,2020D09E,NONE
CALLITE,DEMAND_D420,DEMAND,1MON,2020D09E,CFS
CALLITE,DEMAND_D523_MI_A,SJR-DEMAND,1MON,2020D09E,TAF
CALLITE,DEMAND_D572,DEMAND,1MON,2020D09E,TAF
CALLITE,DEMAND_D_BRANANIS_NP,NETDICU_POS,1MON,2020D09E,CFS
CALLITE,DEMAND_D_CCWDINTK,DEMAND,1MON,2020D09E,CFS
CALLITE,DEMAND_D_CCWDVCOR,DEMAND,1MON,2020D09E,CFS
CALLITE,DEMAND_D_CONEYIS_NP,NETDICU_POS,1MON,2020D09E,CFS
CALLITE,DEMAND_D_DAGUER_NP,DEMAND,1MON,2020D09E,CFS
CALLITE,DEMAND_D_FOLSM_NP,DEMAND,1MON,2020D09E,CFS
CALLITE,DEMAND_D_HOOD_NP,NETDICU_POS,1MON,2020D09E,CFS
CALLITE,DEMAND_D_HST_NP,DEMAND,1MON,2020D09E,CFS
CALLITE,DEMAND_D_MEDFORDIS_NP,NETDICU_POS,1MON,2020D09E,CFS
CALLITE,DEMAND_D_NIMBUS_NP,DEMAND,1MON,2020D09E,CFS
CALLITE,DEMAND_D_REDBLF_NP,DEMAND,1MON,2020D09E,CFS
CALLITE,DEMAND_D_SACAME_NP,DEMAND,1MON,2020D09E,CFS
CALLITE,DEMAND_D_SACSJR_NP,NETDICU_POS,1MON,2020D09E,CFS
CALLITE,DEMAND_D_SJRMERB,DEMAND,1MON,2020D09E,TAF
CALLITE,DEMAND_D_SJRSTAN,DEMAND,1MON,2020D09E,TAF
CALLITE,DEMAND_D_SJRTUOLB,DEMAND,1MON,2020D09E,TAF
CALLITE,DEMAND_D_SJRVER,DEMAND,1MON,2020D09E,TAF
CALLITE,DEMAND_D_STOCKTON_NP,NETDICU_POS,1MON,2020D09E,CFS
CALLITE,DEMAND_D_TERMINOUS_NP,NETDICU_POS,1MON,2020D09E,CFS
CALLITE,DEMAND_D_WILKNS_NP,DEMAND,1MON,2020D09E,CFS
CALLITE,DEMAND_PRJ_58,DEMAND-CVP-TOTAL,1MON,2020D09E,CFS
CALLITE,DEMAND_PRJ_65,DEMAND-CVP-TOTAL,1MON,2020D09E,CFS
CALLITE,DEM_C216B_PRF,DEMAND-RF,1MON,2020D09E,TAF
CALLITE,DEM_C221_PRF,DEMAND-RF,1MON,2020D09E,TAF
CALLITE,DEM_D104_PAG,DEMAND-CVP-AG,1MON,2020D09E,TAF
CALLITE,DEM_D104_PMI,DEMAND-CVP-MI,1MON,2020D09E,TAF
CALLITE,DEM_D104_PRJ,DEMAND-CVP-TOTAL,1MON,2020D09E,TAF
CALLITE,DEM_D104_PSC,DEMAND-CVP-SC,1MON,2020D09E,TAF
CALLITE,DEM_D14302_PRF,DEMAND-CVP-RF,1MON,2020D09E,TAF
CALLITE,DEM_D162A_PSC,DEMAND-CVP-SC,1MON,2020D09E,TAF
CALLITE,DEM_D162A_WR_ANN,DEMAND-NP-MI,1MON,2020D09E,TAF
CALLITE,DEM_D162B_PSC,DEMAND-CVP-SC,1MON,2020D09E,TAF
CALLITE,DEM_D162B_WR_ANN,DEMAND-NP-MI,1MON,2020D09E,TAF
CALLITE,DEM_D162C_PSC,DEMAND-CVP-SC,1MON,2020D09E,TAF
CALLITE,DEM_D162D_WR_ANN,DEMAND-NP-MI,1MON,2020D09E,TAF
CALLITE,DEM_D162E_WR_ANN,DEMAND-NP-MI,1MON,2020D09E,TAF
CALLITE,DEM_D163_PRJ,DEMAND-CVP-TOTAL,1MON,2020D09E,TAF
CALLITE,DEM_D163_PSC,DEMAND-CVP-SC,1MON,2020D09E,TAF
CALLITE,DEM_D165_PRJ,DEMAND-CVP-TOTAL,1MON,2020D09E,TAF
CALLITE,DEM_D165_PSC,DEMAND-CVP-SC,1MON,2020D09E,TAF
CALLITE,DEM_D167A_WR_ANN,DEMAND-NP-MI,1MON,2020D09E,TAF
CALLITE,DEM_D167B_PMI_A,DEMAND-CVP-MI,1MON,2020D09E,TAF
CALLITE,DEM_D18201A_PRF,DEMAND-CVP-RF,1MON,2020D09E,TAF
CALLITE,DEM_D18201B_PRF,DEMAND-CVP-RF,1MON,2020D09E,TAF
CALLITE,DEM_D201_PIMI,DEMAND-SWP-MI,1MON,2020D09E,TAF
CALLITE,DEM_D201_POMI,DEMAND-SWP-MI,1MON,2020D09E,TAF
CALLITE,DEM_D202_PWR,DEMAND-SWP-WR,1MON,2020D09E,TAF
CALLITE,DEM_D204_PIMI,DEMAND-SWP-MI,1MON,2020D09E,TAF
CALLITE,DEM_D204_PIN_CFS,DEMAND-SWP-IN,1MON,2020D09E,CFS
CALLITE,DEM_D204_POMI,DEMAND-SWP-MI,1MON,2020D09E,TAF
CALLITE,DEM_D206A_PAG,DEMAND-SWP-AG,1MON,2020D09E,TAF
CALLITE,DEM_D206B_PAG,DEMAND-SWP-AG,1MON,2020D09E,TAF
CALLITE,DEM_D206B_PWR,DEMAND-SWP-WR,1MON,2020D09E,TAF
CALLITE,DEM_D206C_PAG,DEMAND-SWP-AG,1MON,2020D09E,TAF
CALLITE,DEM_D206C_PWR,DEMAND-SWP-WR,1MON,2020D09E,TAF
CALLITE,DEM_D27_PIN_CFS,DEMAND-SWP-IN,1MON,2020D09E,CFS
CALLITE,DEM_D29_PIN_CFS,DEMAND-SWP-IN,1MON,2020D09E,CFS
CALLITE,DEM_D300_WR_ANN,DEMAND-NP-MI,1MON,2020D09E,TAF
CALLITE,DEM_D302A_WR_ANN,DEMAND-NP-MI,1MON,2020D09E,TAF
CALLITE,DEM_D302B_WR_ANN,DEMAND-NP-MI,1MON,2020D09E,TAF
CALLITE,DEM_D302C_WR_ANN,DEMAND-NP-MI,1MON,2020D09E,TAF
CALLITE,DEM_D403B_PIN_CFS,DEMAND-SWP-IN,1MON,2020D09E,CFS
CALLITE,DEM_D403B_PLS_CFS,DEMAND-SWP-LS,1MON,2020D09E,CFS
CALLITE,DEM_D403C_PIN_CFS,DEMAND-SWP-IN,1MON,2020D09E,CFS
CALLITE,DEM_D608B_PEX,DEMAND-CVP-EX,1MON,2020D09E,TAF
CALLITE,DEM_D608C_PRF,DEMAND-CVP-RF,1MON,2020D09E,TAF
CALLITE,DEM_D6_PWR,DEMAND-SWP-WR,1MON,2020D09E,TAF
CALLITE,DEM_D700_PAG,DEMAND-CVP-AG,1MON,2020D09E,TAF
CALLITE,DEM_D701_PAG,DEMAND-CVP-AG,1MON,2020D09E,TAF
CALLITE,DEM_D702_PLS,DEMAND-CVP-LS,1MON,2020D09E,TAF
CALLITE,DEM_D706_PAG,DEMAND-CVP-AG,1MON,2020D09E,TAF
CALLITE,DEM_D707_PEX,DEMAND-CVP-EX,1MON,2020D09E,TAF
CALLITE,DEM_D708_PRF,DEMAND-CVP-RF,1MON,2020D09E,TAF
CALLITE,DEM_D710_PAG,DEMAND-CVP-AG,1MON,2020D09E,TAF
CALLITE,DEM_D711_PMI,DEMAND-CVP-MI,1MON,2020D09E,TAF
CALLITE,DEM_D7A_PAG,DEMAND-SWP-AG,1MON,2020D09E,TAF
CALLITE,DEM_D7A_PWR,DEMAND-SWP-WR,1MON,2020D09E,TAF
CALLITE,DEM_D7B_PAG,DEMAND-SWP-AG,1MON,2020D09E,TAF
CALLITE,DEM_D7B_PWR,DEMAND-SWP-WR,1MON,2020D09E,TAF
CALLITE,DEM_D7C_DCMP,DEMAND-SWP-DECOMP,1MON,2020D09E,TAF
CALLITE,DEM_D802A_PIN_CFS,DEMAND-SWP-IN,1MON,2020D09E,CFS
CALLITE,DEM_D803_PLS_CFS,DEMAND-SWP-LS,1MON,2020D09E,CFS
CALLITE,DEM_D810_PIN_CFS,DEMAND-SWP-IN,1MON,2020D09E,CFS
CALLITE,DEM_D814_PIN_CFS,DEMAND-SWP-IN,1MON,2020D09E,CFS
CALLITE,DEM_D815_PIN_CFS,DEMAND-SWP-IN,1MON,2020D09E,CFS
CALLITE,DEM_D816_PLS_CFS,DEMAND-SWP-LS,1MON,2020D09E,CFS
CALLITE,DEM_D824_PLS_CFS,DEMAND-SWP-LS,1MON,2020D09E,CFS
CALLITE,DEM_D826_PLS_CFS,DEMAND-SWP-LS,1MON,2020D09E,CFS
CALLITE,DEM_D827_PLS_CFS,DEMAND-SWP-LS,1MON,2020D09E,CFS
CALLITE,DEM_D828_PLS_CFS,DEMAND-SWP-LS,1MON,2020D09E,CFS
CALLITE,DEM_D829_PLS_CFS,DEMAND-SWP-LS,1MON,2020D09E,CFS
CALLITE,DEM_D833_PAG,DEMAND-CVP-AG,1MON,2020D09E,TAF
CALLITE,DEM_D834_PLS,DEMAND-CVP-LS,1MON,2020D09E,TAF
CALLITE,DEM_D835_PAG,DEMAND-CVP-AG,1MON,2020D09E,TAF
CALLITE,DEM_D836_PAG,DEMAND-CVP-AG,1MON,2020D09E,TAF
CALLITE,DEM_D837_PAG,DEMAND-CVP-AG,1MON,2020D09E,TAF
CALLITE,DEM_D838_PLS,DEMAND-CVP-LS,1MON,2020D09E,TAF
CALLITE,DEM_D839_PAG,DEMAND-CVP-AG,1MON,2020D09E,TAF
CALLITE,DEM_D840_PLS,DEMAND-CVP-LS,1MON,2020D09E,TAF
CALLITE,DEM_D841_PAG,DEMAND-CVP-AG,1MON,2020D09E,TAF
CALLITE,DEM_D842_PLS,DEMAND-CVP-LS,1MON,2020D09E,TAF
CALLITE,DEM_D843_PAG,DEMAND-CVP-AG,1MON,2020D09E,TAF
CALLITE,DEM_D844_PMI,DEMAND-CVP-MI,1MON,2020D09E,TAF
CALLITE,DEM_D845_PLS,DEMAND-CVP-LS,1MON,2020D09E,TAF
CALLITE,DEM_D846_PIN_CFS,DEMAND-SWP-IN,1MON,2020D09E,CFS
CALLITE,DEM_D847_PIN_CFS,DEMAND-SWP-IN,1MON,2020D09E,CFS
CALLITE,DEM_D848_PIN_CFS,DEMAND-SWP-IN,1MON,2020D09E,CFS
CALLITE,DEM_D849_PIN_CFS,DEMAND-SWP-IN,1MON,2020D09E,CFS
CALLITE,DEM_D854_PLS_CFS,DEMAND-SWP-LS,1MON,2020D09E,CFS
CALLITE,DEM_D855_PAG,DEMAND-CVP-AG,1MON,2020D09E,TAF
CALLITE,DEM_D856_PRF,DEMAND-CVP-RF,1MON,2020D09E,TAF
CALLITE,DEM_D859_PIN_CFS,DEMAND-SWP-IN,1MON,2020D09E,CFS
CALLITE,DEM_D862_PLS_CFS,DEMAND-SWP-LS,1MON,2020D09E,CFS
CALLITE,DEM_D864_PLS_CFS,DEMAND-SWP-LS,1MON,2020D09E,CFS
CALLITE,DEM_D868_PIN_CFS,DEMAND-SWP-IN,1MON,2020D09E,CFS
CALLITE,DEM_D869_PIN_CFS,DEMAND-SWP-IN,1MON,2020D09E,CFS
CALLITE,DEM_D870_PIN_CFS,DEMAND-SWP-IN,1MON,2020D09E,CFS
CALLITE,DEM_D877_PIN_CFS,DEMAND-SWP-IN,1MON,2020D09E,CFS
CALLITE,DEM_D878_PIN_CFS,DEMAND-SWP-IN,1MON,2020D09E,CFS
CALLITE,DEM_D880_PLS_CFS,DEMAND-SWP-LS,1MON,2020D09E,CFS
CALLITE,DEM_D882_PLS_CFS,DEMAND-SWP-LS,1MON,2020D09E,CFS
CALLITE,DEM_D883_PIN_CFS,DEMAND-SWP-IN,1MON,2020D09E,CFS
CALLITE,DEM_D884_PIN_CFS,DEMAND-SWP-IN,1MON,2020D09E,CFS
CALLITE,DEM_D885_PIN_CFS,DEMAND-SWP-IN,1MON,2020D09E,CFS
CALLITE,DEM_D886_PIN_CFS,DEMAND-SWP-IN,1MON,2020D09E,CFS
CALLITE,DEM_D887_PIN_CFS,DEMAND-SWP-IN,1MON,2020D09E,CFS
CALLITE,DEM_D888_PIN_CFS,DEMAND-SWP-IN,1MON,2020D09E,CFS
CALLITE,DEM_D889_PLS_CFS,DEMAND-SWP-LS,1MON,2020D09E,CFS
CALLITE,DEM_D891_PLS_CFS,DEMAND-SWP-LS,1MON,2020D09E,CFS
CALLITE,DEM_D893_PLS_CFS,DEMAND-SWP-LS,1MON,2020D09E,CFS
CALLITE,DEM_D894_PLS_CFS,DEMAND-SWP-LS,1MON,2020D09E,CFS
CALLITE,DEM_D895_PIN_CFS,DEMAND-SWP-IN,1MON,2020D09E,CFS
CALLITE,DEM_D899_PIN_CFS,DEMAND-SWP-IN,1MON,2020D09E,CFS
CALLITE,DEM_D8A_WR_ANN,DEMAND-NP-MI,1MON,2020D09E,TAF
CALLITE,DEM_D8B_PMI_ANN,DEMAND-CVP-MI,1MON,2020D09E,TAF
CALLITE,DEM_D8B_WR_ANN,DEMAND-NP-MI,1MON,2020D09E,TAF
CALLITE,DEM_D8C_WR_ANN,DEMAND-NP-MI,1MON,2020D09E,TAF
CALLITE,DEM_D8D_WR_ANN,DEMAND-NP-MI,1MON,2020D09E,TAF
CALLITE,DEM_D8E_PMI_ANN,DEMAND-CVP-MI,1MON,2020D09E,TAF
CALLITE,DEM_D8E_WR_ANN,DEMAND-NP-MI,1MON,2020D09E,TAF
CALLITE,DEM_D8F_PMI_ANN,DEMAND-CVP-MI,1MON,2020D09E,TAF
CALLITE,DEM_D8F_WR_ANN,DEMAND-NP-MI,1MON,2020D09E,TAF
CALLITE,DEM_D8G_PMI_ANN,DEMAND-CVP-MI,1MON,2020D09E,TAF
CALLITE,DEM_D8G_WR_ANN,DEMAND-NP-MI,1MON,2020D09E,TAF
CALLITE,DEM_D8H_PMI_ANN,DEMAND-CVP-MI,1MON,2020D09E,TAF
CALLITE,DEM_D8H_WR_ANN,DEMAND-NP-MI,1MON,2020D09E,TAF
CALLITE,DEM_D8I_PMI_ANN,DEMAND-CVP-MI,1MON,2020D09E,TAF
CALLITE,DEM_D9AA_WR_ANN,DEMAND-NP-MI,1MON,2020D09E,TAF
CALLITE,DEM_D9AB_PMI_ANN,DEMAND-CVP-MI,1MON,2020D09E,TAF
CALLITE,DEM_D9A_PLS,DEMAND-CVP-LS,1MON,2020D09E,TAF
CALLITE,DEM_D9B_PMI_ANN,DEMAND-CVP-MI,1MON,2020D09E,TAF
CALLITE,DEM_D9B_WR_ANN,DEMAND-NP-MI,1MON,2020D09E,TAF
CALLITE,DEM_D_MDOTAA_PAG,DEMAND-CVP-AG,1MON,2020D09E,TAF
CALLITE,DEM_D_MDOTAB_PEX,DEMAND-CVP-EX,1MON,2020D09E,TAF
CALLITE,DEM_D_MDOTAC_PRF,DEMAND-CVP-RF,1MON,2020D09E,TAF
CALLITE,DEM_D_MDOTAD_PLS,DEMAND-CVP-LS,1MON,2020D09E,TAF
CALLITE,DEM_TOTCVPS_PAG,DEMAND-CVP-AG,1MON,2020D09E,TAF
CALLITE,DEM_TOTCVPS_PEX,DEMAND-CVP-EX,1MON,2020D09E,TAF
CALLITE,DEM_TOTCVPS_PLS,DEMAND-CVP-LS,1MON,2020D09E,TAF
CALLITE,DEM_TOTCVPS_PMI,DEMAND-CVP-MI,1MON,2020D09E,TAF
CALLITE,DEM_TOTCVPS_PRF,DEMAND-CVP-RF,1MON,2020D09E,TAF
CALLITE,DEM_TOTCVPS_PRJ,DEMAND-CVP-TOTAL,1MON,2020D09E,TAF
CALLITE,DR69,DEMAND,1MON,2020D09E,TAF
CALLITE,DR70,DEMAND,1MON,2020D09E,TAF
CALLITE,D_MDOTAA,FLOW-DELIVERY,1MON,2020D09E,CFS
CALLITE,D_MDOTAD,FLOW-DELIVERY,1MON,2020D09E,CFS
CALLITE,D_SJRCALA,FLOW-DELIVERY,1MON,2020D09E,CFS
CALLITE,D_SJRCALB,FLOW-DELIVERY,1MON,2020D09E,CFS
CALLITE,EC1_R_MDOTAWEST,EC-WSRETURN,1MON,2020D09E,UMHOS/CM
CALLITE,EC1_R_SJRMER,EC-WSRETURN,1MON,2020D09E,UMHOS/CM
CALLITE,EC1_R_SJRMS,EC-WSRETURN,1MON,2020D09E,UMHOS/CM
CALLITE,EC1_R_SJRTUOL,EC-WSRETURN,1MON,2020D09E,UMHOS/CM
CALLITE,EC1_R_SJRVER,EC-WSRETURN,1MON,2020D09E,UMHOS/CM
CALLITE,EC2_R_MDOTAWEST,EC-WSRETURN,1MON,2020D09E,UMHOS/CM
CALLITE,EC2_R_SJRMER,EC-WSRETURN,1MON,2020D09E,UMHOS/CM
CALLITE,EC2_R_SJRMS,EC-WSRETURN,1MON,2020D09E,UMHOS/CM
CALLITE,EC2_R_SJRTUOL,EC-WSRETURN,1MON,2020D09E,UMHOS/CM
CALLITE,EC2_R_SJRVER,EC-WSRETURN,1MON,2020D09E,UMHOS/CM
CALLITE,EC3_R_MDOTAWEST,EC-WSRETURN,1MON,2020D09E,UMHOS/CM
CALLITE,EC3_R_SJRMER,EC-WSRETURN,1MON,2020D09E,UMHOS/CM
CALLITE,EC3_R_SJRMS,EC-WSRETURN,1MON,2020D09E,UMHOS/CM
CALLITE,EC3_R_SJRTUOL,EC-WSRETURN,1MON,2020D09E,UMHOS/CM
CALLITE,EC3_R_SJRVER,EC-WSRETURN,1MON,2020D09E,UMHOS/CM
CALLITE,EC5_R_MDOTAWEST,EC-WSRETURN,1MON,2020D09E,UMHOS/CM
CALLITE,EC5_R_SJRMER,EC-WSRETURN,1MON,2020D09E,UMHOS/CM
CALLITE,EC5_R_SJRMS,EC-WSRETURN,1MON,2020D09E,UMHOS/CM
CALLITE,EC5_R_SJRTUOL,EC-WSRETURN,1MON,2020D09E,UMHOS/CM
CALLITE,EC5_R_SJRVER,EC-WSRETURN,1MON,2020D09E,UMHOS/CM
CALLITE,EC_CI601DV,EC-CI,1MON,2020D09E,NONE
CALLITE,EC_CI604DV,EC-CI,1MON,2020D09E,NONE
CALLITE,EC_CI617DV,EC-CI,1MON,2020D09E,NONE
CALLITE,EC_CI631DV,EC-CI,1MON,2020D09E,NONE
CALLITE,EC_CI642DV,EC-CI,1MON,2020D09E,NONE
CALLITE,EC_GWR603,EC-GWR,1MON,2020D09E,NONE
CALLITE,EC_GWR604,EC-GWR,1MON,2020D09E,NONE
CALLITE,EC_GWR605,EC-GWR,1MON,2020D09E,NONE
CALLITE,EC_GWR612,EC-GWR,1MON,2020D09E,NONE
CALLITE,EC_GWR616,EC-GWR,1MON,2020D09E,NONE
CALLITE,EC_GWR617,EC-GWR,1MON,2020D09E,NONE
CALLITE,EC_GWR619,EC-GWR,1MON,2020D09E,NONE
CALLITE,EC_GWR622,EC-GWR,1MON,2020D09E,NONE
CALLITE,EC_GWR623,EC-GWR,1MON,2020D09E,NONE
CALLITE,EC_GWR624,EC-GWR,1MON,2020D09E,NONE
CALLITE,EC_GWR628,EC-GWR,1MON,2020D09E,NONE
CALLITE,EC_GWR631,EC-GWR,1MON,2020D09E,NONE
CALLITE,EC_GWR635,EC-GWR,1MON,2020D09E,NONE
CALLITE,EC_GWR638,EC-GWR,1MON,2020D09E,NONE
CALLITE,EC_GWR640,EC-GWR,1MON,2020D09E,NONE
CALLITE,EC_I614ADV,EC-CI,1MON,2020D09E,NONE
CALLITE,EC_I636DV,EC-CI,1MON,2020D09E,NONE
CALLITE,EC_I637DV,EC-CI,1MON,2020D09E,NONE
CALLITE,EC_I_SJRMSA,EC-CI,1MON,2020D09E,NONE
CALLITE,EC_R630M_DV,EC-NPR,1MON,2020D09E,NONE
CALLITE,EC_R637D_DV,EC-NPR,1MON,2020D09E,NONE
CALLITE,EC_R639A_DV,EC-NPR,1MON,2020D09E,NONE
CALLITE,EC_R_SJRSTAND,EC-NPR,1MON,2020D09E,NONE
CALLITE,EC_R_SJRTUOLM,EC-NPR,1MON,2020D09E,NONE
CALLITE,EC_R_SJRVERA,EC-NPR,1MON,2020D09E,NONE
CALLITE,EC_SWR17,EC-SWR,1MON,2020D09E,NONE
CALLITE,EC_SWR613,EC-SWR,1MON,2020D09E,NONE
CALLITE,EC_SWR622,EC-SWR,1MON,2020D09E,NONE
CALLITE,EC_SWR624,EC-SWR,1MON,2020D09E,NONE
CALLITE,EC_SWR628,EC-SWR,1MON,2020D09E,NONE
CALLITE,EC_SWR631,EC-SWR,1MON,2020D09E,NONE
CALLITE,EC_SWR642,EC-SWR,1MON,2020D09E,NONE
CALLITE,EC_SWR648,EC-SWR,1MON,2020D09E,NONE
CALLITE,EC_SWR_MDOTA,EC-SWR,1MON,2020D09E,NONE
CALLITE,EVAP_S17,EVAPORATION-RATE,1MON,2020D09E,IN
CALLITE,EVAP_S75,EVAPORATION-RATE,1MON,2020D09E,IN
CALLITE,EVAP_S76,EVAPORATION-RATE,1MON,2020D09E,IN
CALLITE,EVAP_S78,EVAPORATION-RATE,1MON,2020D09E,IN
CALLITE,EVAP_S79,EVAPORATION-RATE,1MON,2020D09E,IN
CALLITE,EVAP_S_ESTMN,EVAPORATION-RATE,1MON,2020D09E,IN
CALLITE,EVAP_S_FOLSM,EVAPORATION-RATE,1MON,2020D09E,IN
CALLITE,EVAP_S_HNSLY,EVAPORATION-RATE,1MON,2020D09E,IN
CALLITE,EVAP_S_MCLRE,EVAPORATION-RATE,1MON,2020D09E,IN
CALLITE,EVAP_S_MELON,EVAPORATION-RATE,1MON,2020D09E,IN
CALLITE,EVAP_S_MLRTN,EVAPORATION-RATE,1MON,2020D09E,IN
CALLITE,EVAP_S_NHGAN,EVAPORATION-RATE,1MON,2020D09E,IN
CALLITE,EVAP_S_OROVL,EVAPORATION-RATE,1MON,2020D09E,IN
CALLITE,EVAP_S_PEDRO,EVAPORATION-RATE,1MON,2020D09E,IN
CALLITE,EVAP_S_SHSTA,EVAPORATION-RATE,1MON,2020D09E,IN
CALLITE,EVAP_S_SLCVP,EVAPORATION-RATE,1MON,2020D09E,IN
CALLITE,EVAP_S_SLSWP,EVAPORATION-RATE,1MON,2020D09E,IN
CALLITE,EVAP_S_TRNTY,EVAPORATION-RATE,1MON,2020D09E,IN
CALLITE,EVAP_S_WKYTN,EVAPORATION-RATE,1MON,2020D09E,IN
CALLITE,FERCBASE,FLOW-MIN-REQUIRED,1MON,2020D09E,CFS
CALLITE,FERCPULSE,FLOW-MIN-REQUIRED,1MON,2020D09E,CFS
CALLITE,GP522_MIN_PAG_LIMIT,GW-PUMPING,1MON,2020D09E,CFS
CALLITE,GP522_MIN_PRV_LIMIT,GW-PUMPING,1MON,2020D09E,CFS
CALLITE,GP528ATS,GW-PUMPING,1MON,2020D09E,CFS
CALLITE,GP530_MIN_PAG_LIMIT,GW-PUMPING,1MON,2020D09E,CFS
CALLITE,GP530_MIN_PRV_LIMIT,GW-PUMPING,1MON,2020D09E,CFS
CALLITE,GWR603,GWR-FLOW,1MON,2020D09E,CFS
CALLITE,GWR604,GWR-FLOW,1MON,2020D09E,CFS
CALLITE,GWR605,GWR-FLOW,1MON,2020D09E,CFS
CALLITE,GWR612,GWR-FLOW,1MON,2020D09E,CFS
CALLITE,GWR616,GWR-FLOW,1MON,2020D09E,CFS
CALLITE,GWR617,GWR-FLOW,1MON,2020D09E,CFS
CALLITE,GWR619,GWR-FLOW,1MON,2020D09E,CFS
CALLITE,GWR622,GWR-FLOW,1MON,2020D09E,CFS
CALLITE,GWR623,GWR-FLOW,1MON,2020D09E,CFS
CALLITE,GWR624,GWR-FLOW,1MON,2020D09E,CFS
CALLITE,GWR628,GWR-FLOW,1MON,2020D09E,CFS
CALLITE,GWR631,GWR-FLOW,1MON,2020D09E,CFS
CALLITE,GWR635,GWR-FLOW,1MON,2020D09E,CFS
CALLITE,GWR638,GWR-FLOW,1MON,2020D09E,CFS
CALLITE,GWR640,GWR-FLOW,1MON,2020D09E,CFS
CALLITE,I18_FG,FLOW-INFLOW,1MON,2020D09E,TAF
CALLITE,I18_SJR,FLOW-INFLOW,1MON,2020D09E,TAF
CALLITE,I501,FLOW-INFLOW,1MON,2020D09E,TAF
CALLITE,I512,FLOW-INFLOW,1MON,2020D09E,TAF
CALLITE,INT_CWEIR,INTEGER,1MON,2020D09E,NONE
CALLITE,I_BRANANIS,FLOW-INFLOW,1MON,2020D09E,CFS
CALLITE,I_CALAV,FLOW-INFLOW,1MON,2020D09E,TAF
CALLITE,I_CONEYIS,FLOW-INFLOW,1MON,2020D09E,CFS
CALLITE,I_EASTBYP,FLOW-INFLOW,1MON,2020D09E,TAF
CALLITE,I_ESTMN,FLOW-INFLOW,1MON,2020D09E,TAF
CALLITE,I_FOLSM,FLOW-INFLOW,1MON,2020D09E,CFS
CALLITE,I_HNSLY,FLOW-INFLOW,1MON,2020D09E,TAF
CALLITE,I_HOOD,FLOW-INFLOW,1MON,2020D09E,CFS
CALLITE,I_KELLYRIDGE,FLOW-INFLOW,1MON,2020D09E,CFS
CALLITE,I_KERN,FLOW-INFLOW,1MON,2020D09E,CFS
CALLITE,I_LEWISTON,FLOW-INFLOW,1MON,2020D09E,CFS
CALLITE,I_MARSHCR,FLOW-INFLOW,1MON,2020D09E,CFS
CALLITE,I_MCLRE,FLOW-INFLOW,1MON,2020D09E,TAF
CALLITE,I_MDOTA,FLOW-INFLOW,1MON,2020D09E,TAF
CALLITE,I_MEDFORDIS,FLOW-INFLOW,1MON,2020D09E,CFS
CALLITE,I_MELON,FLOW-INFLOW,1MON,2020D09E,TAF
CALLITE,I_MERCED1B,FLOW-INFLOW,1MON,2020D09E,TAF
CALLITE,I_MERCED1C,FLOW-INFLOW,1MON,2020D09E,TAF
CALLITE,I_MERCED2,FLOW-INFLOW,1MON,2020D09E,TAF
CALLITE,I_MLRTN,FLOW-INFLOW,1MON,2020D09E,CFS
CALLITE,I_MOKELUMNE,FLOW-INFLOW,1MON,2020D09E,CFS
CALLITE,I_NHGAN,FLOW-INFLOW,1MON,2020D09E,TAF
CALLITE,I_NIMBUS,FLOW-INFLOW,1MON,2020D09E,CFS
CALLITE,I_OROVL,FLOW-INFLOW,1MON,2020D09E,CFS
CALLITE,I_PEDRO,FLOW-INFLOW,1MON,2020D09E,TAF
CALLITE,I_SACSJR,FLOW-INFLOW,1MON,2020D09E,CFS
CALLITE,I_SHSTA,FLOW-INFLOW,1MON,2020D09E,CFS
CALLITE,I_SJRMAZE,FLOW-INFLOW,1MON,2020D09E,TAF
CALLITE,I_SJRMS,FLOW-INFLOW,1MON,2020D09E,CFS
CALLITE,I_SJRMSA,FLOW-INFLOW,1MON,2020D09E,CFS
CALLITE,I_SJRSTAN,FLOW-INFLOW,1MON,2020D09E,TAF
CALLITE,I_STANGDWN,FLOW-INFLOW,1MON,2020D09E,TAF
CALLITE,I_STANRIPN,FLOW-INFLOW,1MON,2020D09E,TAF
CALLITE,I_STOCKTON,FLOW-INFLOW,1MON,2020D09E,CFS
CALLITE,I_TERMINOUS,FLOW-INFLOW,1MON,2020D09E,CFS
CALLITE,I_TRNTY,FLOW-INFLOW,1MON,2020D09E,CFS
CALLITE,I_TUOL,FLOW-INFLOW,1MON,2020D09E,TAF
CALLITE,I_WKYTN,FLOW-INFLOW,1MON,2020D09E,CFS
CALLITE,I_YUBA,FLOW-INFLOW,1MON,2020D09E,CFS
CALLITE,LIM_CVP_ANN,ALLOCATION-LIMIT,1MON,2020D09E,CFS
CALLITE,MAMMOTH_STORAGE,STORAGE,1MON,2020D09E,TAF
CALLITE,MINFLOWFEAMOUTH,FLOW-MIN-REQUIRED,1MON,2020D09E,CFS
CALLITE,MINFLOW_C_KSWCK,FLOW-MIN-REQUIRED,1MON,2020D09E,CFS
CALLITE,MINFLOW_C_MERCED1B,FLOW-MIN-REQUIRED,1MON,2020D09E,CFS
CALLITE,MINFLOW_C_MERCED1C,FLOW-MIN-REQUIRED,1MON,2020D09E,CFS
CALLITE,MINFLOW_C_YUBFEA,FLOW-MIN-REQUIRED,1MON,2020D09E,CFS
CALLITE,MINGW_69,GW-PUMPING-MIN,1MON,2020D09E,TAF
CALLITE,MINGW_70,GW-PUMPING-MIN,1MON,2020D09E,TAF
CALLITE,MINPUMP_70_PRJ,MINPUMP,1MON,2020D09E,TAF
CALLITE,NMFORECAST1SV,FORECAST,1MON,2020D09E,TAF
CALLITE,NPD17,NPD-FLOW,1MON,2020D09E,CFS
CALLITE,NPD601,NPD-FLOW,1MON,2020D09E,CFS
CALLITE,NPD602,NPD-FLOW,1MON,2020D09E,CFS
CALLITE,NPD603,NPD-FLOW,1MON,2020D09E,CFS
CALLITE,NPD604,NPD-FLOW,1MON,2020D09E,CFS
CALLITE,NPD605,NPD-FLOW,1MON,2020D09E,CFS
CALLITE,NPD611,NPD-FLOW,1MON,2020D09E,CFS
CALLITE,NPD612,NPD-FLOW,1MON,2020D09E,CFS
CALLITE,NPD613,NPD-FLOW,1MON,2020D09E,CFS
CALLITE,NPD614,NPD-FLOW,1MON,2020D09E,CFS
CALLITE,NPD615,NPD-FLOW,1MON,2020D09E,CFS
CALLITE,NPD616,NPD-FLOW,1MON,2020D09E,CFS
CALLITE,NPD624,NPD-FLOW,1MON,2020D09E,CFS
CALLITE,NPD627,NPD-FLOW,1MON,2020D09E,CFS
CALLITE,NPD628,NPD-FLOW,1MON,2020D09E,CFS
CALLITE,NPD629,NPD-FLOW,1MON,2020D09E,CFS
CALLITE,NPD630,NPD-FLOW,1MON,2020D09E,CFS
CALLITE,NPD631,NPD-FLOW,1MON,2020D09E,CFS
CALLITE,NPD632,NPD-FLOW,1MON,2020D09E,CFS
CALLITE,NPD636,NPD-FLOW,1MON,2020D09E,CFS
CALLITE,NPD637,NPD-FLOW,1MON,2020D09E,CFS
CALLITE,NPD638,NPD-FLOW,1MON,2020D09E,CFS
CALLITE,NPD645,NPD-FLOW,1MON,2020D09E,CFS
CALLITE,NPD649,NPD-FLOW,1MON,2020D09E,CFS
CALLITE,NPR601,NPR-FLOW,1MON,2020D09E,CFS
CALLITE,NPR602,NPR-FLOW,1MON,2020D09E,CFS
CALLITE,NPR603,NPR-FLOW,1MON,2020D09E,CFS
CALLITE,NPR604,NPR-FLOW,1MON,2020D09E,CFS
CALLITE,NPR605,NPR-FLOW,1MON,2020D09E,CFS
CALLITE,NPR612,NPR-FLOW,1MON,2020D09E,CFS
CALLITE,NPR616,NPR-FLOW,1MON,2020D09E,CFS
CALLITE,NPR617,NPR-FLOW,1MON,2020D09E,CFS
CALLITE,NPR623,NPR-FLOW,1MON,2020D09E,CFS
CALLITE,NPR628,NPR-FLOW,1MON,2020D09E,CFS
CALLITE,NPR631,NPR-FLOW,1MON,2020D09E,CFS
CALLITE,NPR635,NPR-FLOW,1MON,2020D09E,CFS
CALLITE,NPR638,NPR-FLOW,1MON,2020D09E,CFS
CALLITE,NPR645,NPR-FLOW,1MON,2020D09E,CFS
CALLITE,NPR649,NPR-FLOW,1MON,2020D09E,CFS
CALLITE,NP_DR70_IMI,DEM-NP-INDOORMI,1MON,2020D09E,TAF
CALLITE,NP_ED_IMI,DEM-NP-INDOORMI,1MON,2020D09E,TAF
CALLITE,PERDEL_CVPAG_S,PERCENT-DELIVERY,1MON,2020D09E,NONE
CALLITE,PERDEL_CVPEX_S,PERCENT-DELIVERY,1MON,2020D09E,NONE
CALLITE,PERDEL_CVPMI_S,PERCENT-DELIVERY,1MON,2020D09E,NONE
CALLITE,PERDEL_CVPRF_S,PERCENT-DELIVERY,1MON,2020D09E,NONE
CALLITE,PERDEM_70,DELIVERY-PATTERN,1MON,2020D09E,NONE
CALLITE,PERDEM_70ARCWD,DELIVERY-PATTERN,1MON,2020D09E,NONE
CALLITE,PERDEM_70CAREC,DELIVERY-PATTERN,1MON,2020D09E,NONE
CALLITE,PERDEM_70CARM,DELIVERY-PATTERN,1MON,2020D09E,NONE
CALLITE,PERDEM_70ELDOR,DELIVERY-PATTERN,1MON,2020D09E,NONE
CALLITE,PERDEM_70ELDORCO,DELIVERY-PATTERN,1MON,2020D09E,NONE
CALLITE,PERDEM_70FOL,DELIVERY-PATTERN,1MON,2020D09E,NONE
CALLITE,PERDEM_70FOLP,DELIVERY-PATTERN,1MON,2020D09E,NONE
CALLITE,PERDEM_70NRWD,DELIVERY-PATTERN,1MON,2020D09E,NONE
CALLITE,PERDEM_70PCWA,DELIVERY-PATTERN,1MON,2020D09E,NONE
CALLITE,PERDEM_70ROSE,DELIVERY-PATTERN,1MON,2020D09E,NONE
CALLITE,PERDEM_70SAC,DELIVERY-PATTERN,1MON,2020D09E,NONE
CALLITE,PERDEM_70SCWA,DELIVERY-PATTERN,1MON,2020D09E,NONE
CALLITE,PERDEM_70SCWC,DELIVERY-PATTERN,1MON,2020D09E,NONE
CALLITE,PERDEM_70SJWDP,DELIVERY-PATTERN,1MON,2020D09E,NONE
CALLITE,PERDEM_70SJWDS,DELIVERY-PATTERN,1MON,2020D09E,NONE
CALLITE,PERDEM_70SMUD,DELIVERY-PATTERN,1MON,2020D09E,NONE
CALLITE,PERDV_CVPAG_SYS_DV,PERCENT-DELIVERY,1MON,2020D09E,NONE
CALLITE,PERDV_CVPAG_S_DV,PERCENT-DELIVERY,1MON,2020D09E,NONE
CALLITE,PERDV_CVPEX_S_DV,PERCENT-DELIVERY,1MON,2020D09E,NONE
CALLITE,PERDV_CVPMI_SYS_DV,PERCENT-DELIVERY,1MON,2020D09E,NONE
CALLITE,PERDV_CVPMI_S_DV,PERCENT-DELIVERY,1MON,2020D09E,NONE
CALLITE,PERDV_CVPRF_SYS_DV,PERCENT-DELIVERY,1MON,2020D09E,NONE
CALLITE,PERDV_CVPRF_S_DV,PERCENT-DELIVERY,1MON,2020D09E,NONE
CALLITE,PERDV_CVPSC_SYS_DV,PERCENT-DELIVERY,1MON,2020D09E,NONE
CALLITE,PRJ_DR70,DIV-REQUIREMENT,1MON,2020D09E,TAF
CALLITE,PRJ_DR70_IMI,DEM-CVP-INDOORMI,1MON,2020D09E,TAF
CALLITE,PRJ_ED_IMI,DEM-CVP-INDOORMI,1MON,2020D09E,TAF
CALLITE,REST_REQ_NP,RELEASE-HYDROGRAPH,1MON,2020D09E,TAF
CALLITE,REST_REQ_NP_I,INTERIM-RELEASE-HYDROGRAPH,1MON,2020D09E,TAF
CALLITE,REST_REQ_P,RELEASE-HYDROGRAPH,1MON,2020D09E,TAF
CALLITE,REST_REQ_P_I,INTERIM-RELEASE-HYDROGRAPH,1MON,2020D09E,TAF
CALLITE,R_MDOTA_W,FLOW-RETURN,1MON,2020D09E,CFS
CALLITE,R_SJR644,FLOW-RETURN,1MON,2020D09E,CFS
CALLITE,R_SJRCALB,FLOW-RETURN,1MON,2020D09E,CFS
CALLITE,R_SJRMS_W,FLOW-RETURN,1MON,2020D09E,CFS
CALLITE,R_SJRTUOLWEST_W,FLOW-RETURN,1MON,2020D09E,CFS
CALLITE,R_SJRVERWEST_W,FLOW-RETURN,1MON,2020D09E,CFS
CALLITE,S75_SEEP,DEMAND,1MON,2020D09E,TAF
CALLITE,SAC_RI,SRI_FLOW,1MON,2020D09E,CFS
CALLITE,SALT630_DV,FLOWTIMESEC,1MON,2020D09E,NONE
CALLITE,SALT636_DV,FLOWTIMESEC,1MON,2020D09E,NONE
CALLITE,SALTSJRMAZE,FLOWTIMESEC,1MON,2020D09E,NONE
CALLITE,SALTSJRTUOL,FLOWTIMESEC,1MON,2020D09E,NONE
CALLITE,SD_CASTAIC,STORAGE-DIVERSION,1MON,2020D09E,CFS
CALLITE,SD_DELVALLE,STORAGE-DIVERSION,1MON,2020D09E,CFS
CALLITE,SD_PERRIS,STORAGE-DIVERSION,1MON,2020D09E,CFS
CALLITE,SD_PYRAMID,STORAGE-DIVERSION,1MON,2020D09E,CFS
CALLITE,SD_SILVERWOOD,STORAGE-DIVERSION,1MON,2020D09E,CFS
CALLITE,SJR_ANN,FLOW-CHANNEL,1MON,2020D09E,CFS
CALLITE,SJR_ANN_EST_V,ANN-PARAMETER,1MON,2020D09E,CFS
CALLITE,SJR_ANN_V,FLOW-CHANNEL,1MON,2020D09E,CFS
CALLITE,SPILL_526_PAG,FLOW-RETURN,1MON,2020D09E,TAF
CALLITE,SPILL_532_PAG,FLOW-RETURN,1MON,2020D09E,TAF
CALLITE,SPILL_534B_PAG,FLOW-RETURN,1MON,2020D09E,TAF
CALLITE,SPILL_545B_PAG,FLOW-RETURN,1MON,2020D09E,TAF
CALLITE,SPILL_STANRIPNA_PAG,FLOW-RETURN,1MON,2020D09E,TAF
CALLITE,SPILL_STANRIPNB_PAG,FLOW-RETURN,1MON,2020D09E,TAF
CALLITE,SRI,INDEX,1MON,2020D09E,TAF
CALLITE,SW_CASTAIC,STORAGE-WITHDRAWAL,1MON,2020D09E,CFS
CALLITE,SW_DELVALLE,STORAGE-WITHDRAWAL,1MON,2020D09E,CFS
CALLITE,SW_PERRIS,STORAGE-WITHDRAWAL,1MON,2020D09E,CFS
CALLITE,SW_PYRAMID,STORAGE-WITHDRAWAL,1MON,2020D09E,CFS
CALLITE,SW_SILVERWOOD,STORAGE-WITHDRAWAL,1MON,2020D09E,CFS
CALLITE,S_ESTMNLEVEL2,STORAGE-LEVEL,1MON,2020D09E,TAF
CALLITE,S_ESTMNLEVEL4,STORAGE-LEVEL,1MON,2020D09E,TAF
CALLITE,S_FOLSMLEVEL2,STORAGE-LEVEL,1MON,2020D09E,TAF
CALLITE,S_FOLSMLEVEL4,STORAGE-LEVEL,1MON,2020D09E,TAF
CALLITE,S_FOLSMLEVEL5,STORAGE-LEVEL,1MON,2020D09E,TAF
CALLITE,S_HNSLYLEVEL2,STORAGE-LEVEL,1MON,2020D09E,TAF
CALLITE,S_HNSLYLEVEL4,STORAGE-LEVEL,1MON,2020D09E,TAF
CALLITE,S_NHGANLEVEL4,STORAGE-LEVEL,1MON,2020D09E,TAF
CALLITE,S_OROVLLEVEL5,STORAGE-LEVEL,1MON,2020D09E,TAF
CALLITE,S_PEDROLEVEL4,STORAGE-LEVEL,1MON,2020D09E,TAF
CALLITE,S_SHSTALEVEL2,STORAGE-LEVEL,1MON,2020D09E,TAF
CALLITE,S_SHSTALEVEL4,STORAGE-LEVEL,1MON,2020D09E,TAF
CALLITE,S_SHSTALEVEL5,STORAGE-LEVEL,1MON,2020D09E,TAF
CALLITE,S_TRNTYLEVEL2,STORAGE-LEVEL,1MON,2020D09E,TAF
CALLITE,S_TRNTYLEVEL3,STORAGE-LEVEL,1MON,2020D09E,TAF
CALLITE,TARGET_D131SC,DIV-REQUIREMENT,1MON,2020D09E,CFS
CALLITE,TARGET_D14301GCID,DIV-REQUIREMENT,1MON,2020D09E,CFS
CALLITE,TARGET_D14301SC,DIV-REQUIREMENT,1MON,2020D09E,CFS
CALLITE,TARGET_D14501GCID,DIV-REQUIREMENT,1MON,2020D09E,CFS
CALLITE,TARGET_D14501SC,DIV-REQUIREMENT,1MON,2020D09E,CFS
CALLITE,TARGET_D17101,DIV-REQUIREMENT,1MON,2020D09E,CFS
CALLITE,TARGET_D17201,DIV-REQUIREMENT,1MON,2020D09E,CFS
CALLITE,TARGET_D17401,DIV-REQUIREMENT,1MON,2020D09E,CFS
CALLITE,TARGET_D17801,DIV-REQUIREMENT,1MON,2020D09E,CFS
CALLITE,TARGET_D18301SC,DIV-REQUIREMENT,1MON,2020D09E,CFS
CALLITE,TS_ADJ_RB,FLOW,1MON,2020D09E,CFS
CALLITE,TS_ADJ_WLK,FLOW,1MON,2020D09E,CFS
CALLITE,TULE_WET_INDX,FRIANT-INDX,1MON,2020D09E,TAF
CALLITE,UARM,STORAGE,1MON,2020D09E,TAF
CALLITE,UNIMPAIRED_NDO,UNIMPAIRED-FLOW,1MON,2020D09E,CFS
CALLITE,UNIMPAIRED_SAC,UNIMPAIRED-FLOW,1MON,2020D09E,CFS
CALLITE,UNIMPAIRED_SJR,UNIMPAIRED-FLOW,1MON,2020D09E,CFS
CALLITE,VERNWQFINAL,SALINITY-EC,1MON,2020D09E,UMHOS/CM
CALLITE,VERNWQFINAL_V,SALINITY-EC,1MON,2020D09E,UMHOS/CM
CALLITE,WQ408_RS,SALINITY,1MON,2020D09E,MG/L
CALLITE,XX_ACVPDEM_70,DEMAND-ANNUAL,1MON,2020D09E,TAF
CALLITE,XX_ACVPDEM_DR58,DEMAND-ANNUAL,1MON,2020D09E,TAF
CALLITE,XX_ACVPDEM_DR65,DEMAND-ANNUAL,1MON,2020D09E,TAF
CALLITE,XX_ACVPDEM_DRCB1,DEMAND-ANNUAL,1MON,2020D09E,TAF
CALLITE,XX_ACVPDEM_DRCB2,DEMAND-ANNUAL,1MON,2020D09E,TAF
CALLITE,XX_ACVPDEM_DR_N,DEMAND-ANNUAL,1MON,2020D09E,TAF
CALLITE,XX_ACVPDEM_PAG_N,DEMAND-ANNUAL,1MON,2020D09E,TAF
CALLITE,XX_ACVPDEM_PMI_N,DEMAND-ANNUAL,1MON,2020D09E,TAF
CALLITE,XX_ACVPDEM_PRF_N,DEMAND-ANNUAL,1MON,2020D09E,TAF
CALLITE,XX_ACVPDEM_PSC_N,DEMAND-ANNUAL,1MON,2020D09E,TAF
CALLITE,XX_ACVPDEM_TOTAL_N,DEMAND-ANNUAL,1MON,2020D09E,TAF
CALSIM,PERDV_CVPAG_S,PERCENT-DELIVERY,1MON,2020D09E,NONE
CALSIM,PERDV_CVPAG_SYS,PERCENT-DELIVERY,1MON,2020D09E,NONE
CALSIM,PERDV_CVPEX_S,PERCENT-DELIVERY,1MON,2020D09E,NONE
CALSIM,PERDV_CVPMI_S,PERCENT-DELIVERY,1MON,2020D09E,NONE
CALSIM,PERDV_CVPMI_SYS,PERCENT-DELIVERY,1MON,2020D09E,NONE
CALSIM,PERDV_CVPRF_S,PERCENT-DELIVERY,1MON,2020D09E,NONE
CALSIM,PERDV_CVPRF_SYS,PERCENT-DELIVERY,1MON,2020D09E,NONE
CALSIM,PERDV_CVPSC_SYS,PERCENT-DELIVERY,1MON,2020D09E,NONE
CALLITE,AD_REDBLF_Local,FLOW-ACCRDEPL,1MON,2020D09E,CFS
CALLITE,AD_REDBLF_Return,FLOW-ACCRDEPL,1MON,2020D09E,CFS
CALLITE,AD_REDBLF_Acc,FLOW-ACCRDEPL,1MON,2020D09E,CFS
CALLITE,AD_REDBLF_Dep,FLOW-ACCRDEPL,1MON,2020D09E,CFS
CALLITE,AD_REDBLF_Div,FLOW-ACCRDEPL,1MON,2020D09E,CFS
CALLITE,AD_REDBLF_Weir,FLOW-ACCRDEPL,1MON,2020D09E,CFS
CALLITE,AD_REDBLF_Bypass,FLOW-ACCRDEPL,1MON,2020D09E,CFS
CALLITE,AD_WILKNS_Local,FLOW-ACCRDEPL,1MON,2020D09E,CFS
CALLITE,AD_WILKNS_Return,FLOW-ACCRDEPL,1MON,2020D09E,CFS
CALLITE,AD_WILKNS_Acc,FLOW-ACCRDEPL,1MON,2020D09E,CFS
CALLITE,AD_WILKNS_Dep,FLOW-ACCRDEPL,1MON,2020D09E,CFS
CALLITE,AD_WILKNS_Div,FLOW-ACCRDEPL,1MON,2020D09E,CFS
CALLITE,AD_WILKNS_Weir,FLOW-ACCRDEPL,1MON,2020D09E,CFS
CALLITE,AD_WILKNS_Bypass,FLOW-ACCRDEPL,1MON,2020D09E,CFS
CALLITE,AD_THERM_Local,FLOW-ACCRDEPL,1MON,2020D09E,CFS
CALLITE,AD_THERM_Return,FLOW-ACCRDEPL,1MON,2020D09E,CFS
CALLITE,AD_THERM_Acc,FLOW-ACCRDEPL,1MON,2020D09E,CFS
CALLITE,AD_THERM_Dep,FLOW-ACCRDEPL,1MON,2020D09E,CFS
CALLITE,AD_THERM_Div,FLOW-ACCRDEPL,1MON,2020D09E,CFS
CALLITE,AD_THERM_Weir,FLOW-ACCRDEPL,1MON,2020D09E,CFS
CALLITE,AD_THERM_Bypass,FLOW-ACCRDEPL,1MON,2020D09E,CFS
CALLITE,AD_YUBFEA_Local,FLOW-ACCRDEPL,1MON,2020D09E,CFS
CALLITE,AD_YUBFEA_Return,FLOW-ACCRDEPL,1MON,2020D09E,CFS
CALLITE,AD_YUBFEA_Acc,FLOW-ACCRDEPL,1MON,2020D09E,CFS
CALLITE,AD_YUBFEA_Dep,FLOW-ACCRDEPL,1MON,2020D09E,CFS
CALLITE,AD_YUBFEA_Div,FLOW-ACCRDEPL,1MON,2020D09E,CFS
CALLITE,AD_YUBFEA_Weir,FLOW-ACCRDEPL,1MON,2020D09E,CFS
CALLITE,AD_YUBFEA_Bypass,FLOW-ACCRDEPL,1MON,2020D09E,CFS
CALLITE,AD_SACFEA_Local,FLOW-ACCRDEPL,1MON,2020D09E,CFS
CALLITE,AD_SACFEA_Return,FLOW-ACCRDEPL,1MON,2020D09E,CFS
CALLITE,AD_SACFEA_Acc,FLOW-ACCRDEPL,1MON,2020D09E,CFS
CALLITE,AD_SACFEA_Dep,FLOW-ACCRDEPL,1MON,2020D09E,CFS
CALLITE,AD_SACFEA_Div,FLOW-ACCRDEPL,1MON,2020D09E,CFS
CALLITE,AD_SACFEA_Weir,FLOW-ACCRDEPL,1MON,2020D09E,CFS
CALLITE,AD_SACFEA_Bypass,FLOW-ACCRDEPL,1MON,2020D09E,CFS
CALLITE,AD_SACAME_Local,FLOW-ACCRDEPL,1MON,2020D09E,CFS
CALLITE,AD_SACAME_Return,FLOW-ACCRDEPL,1MON,2020D09E,CFS
CALLITE,AD_SACAME_Acc,FLOW-ACCRDEPL,1MON,2020D09E,CFS
CALLITE,AD_SACAME_Dep,FLOW-ACCRDEPL,1MON,2020D09E,CFS
CALLITE,AD_SACAME_Div,FLOW-ACCRDEPL,1MON,2020D09E,CFS
CALLITE,AD_SACAME_Weir,FLOW-ACCRDEPL,1MON,2020D09E,CFS
CALLITE,AD_SACAME_Bypass,FLOW-ACCRDEPL,1MON,2020D09E,CFS
CALLITE,AD_HST_Local,FLOW-ACCRDEPL,1MON,2020D09E,CFS
CALLITE,AD_HST_Return,FLOW-ACCRDEPL,1MON,2020D09E,CFS
CALLITE,AD_HST_Acc,FLOW-ACCRDEPL,1MON,2020D09E,CFS
CALLITE,AD_HST_Dep,FLOW-ACCRDEPL,1MON,2020D09E,CFS
CALLITE,AD_HST_Div,FLOW-ACCRDEPL,1MON,2020D09E,CFS
CALLITE,AD_HST_Weir,FLOW-ACCRDEPL,1MON,2020D09E,CFS
CALLITE,AD_HST_Bypass,FLOW-ACCRDEPL,1MON,2020D09E,CFS
