<?xml version="1.0" encoding="UTF-8" standalone="no"?>
<registration_data version="1.0">
   <environment>
      <hostname>IBR2MFITZMAUL</hostname>
      <hostId/>
      <osName>Windows 7</osName>
      <osVersion>6.1</osVersion>
      <osArchitecture>x86</osArchitecture>
      <systemModel>Latitude E6420</systemModel>
      <systemManufacturer>Dell Inc.</systemManufacturer>
      <cpuManufacturer>GenuineIntel</cpuManufacturer>
      <serialNumber>4206MS1</serialNumber>
   </environment>
   <registry urn="urn:st:47ff2058-6722-4f9b-9341-ea238570866d" version="1.0">
      <service_tag>
         <instance_urn>urn:st:5225d559-452b-424c-a72c-a3d358108a34</instance_urn>
         <product_name>Java SE 6 Runtime Environment</product_name>
         <product_version>1.6.0_39</product_version>
         <product_urn>urn:uuid:92d1de8c-1e59-42c6-a280-1c379526bcbc</product_urn>
         <product_parent_urn>urn:uuid:fdc90b21-018d-4cab-b866-612c7c119ed3</product_parent_urn>
         <product_parent>Java Platform Standard Edition 6 (Java SE 6)</product_parent>
         <product_defined_inst_id>id=1.6.0_39-b04 x86,dir=C:\Program Files (x86)\Java\jre6</product_defined_inst_id>
         <product_vendor>Sun Microsystems</product_vendor>
         <platform_arch>x86</platform_arch>
         <timestamp>2013-02-11 20:48:12 GMT</timestamp>
         <container>global</container>
         <source>Windows JRE installer</source>
         <installer_uid>-1</installer_uid>
      </service_tag>
   </registry>
</registration_data>
